-- MySQL dump 10.13  Distrib 5.5.38, for debian-linux-gnu (x86_64)
--
-- Host: localhost    Database: player
-- ------------------------------------------------------
-- Server version	5.5.38-0ubuntu0.14.04.1

/*!40101 SET @OLD_CHARACTER_SET_CLIENT=@@CHARACTER_SET_CLIENT */;
/*!40101 SET @OLD_CHARACTER_SET_RESULTS=@@CHARACTER_SET_RESULTS */;
/*!40101 SET @OLD_COLLATION_CONNECTION=@@COLLATION_CONNECTION */;
/*!40101 SET NAMES utf8 */;
/*!40103 SET @OLD_TIME_ZONE=@@TIME_ZONE */;
/*!40103 SET TIME_ZONE='+00:00' */;
/*!40014 SET @OLD_UNIQUE_CHECKS=@@UNIQUE_CHECKS, UNIQUE_CHECKS=0 */;
/*!40014 SET @OLD_FOREIGN_KEY_CHECKS=@@FOREIGN_KEY_CHECKS, FOREIGN_KEY_CHECKS=0 */;
/*!40101 SET @OLD_SQL_MODE=@@SQL_MODE, SQL_MODE='NO_AUTO_VALUE_ON_ZERO' */;
/*!40111 SET @OLD_SQL_NOTES=@@SQL_NOTES, SQL_NOTES=0 */;

--
-- Table structure for table `albums`
--

DROP TABLE IF EXISTS `albums`;
/*!40101 SET @saved_cs_client     = @@character_set_client */;
/*!40101 SET character_set_client = utf8 */;
CREATE TABLE `albums` (
  `ID` int(11) NOT NULL AUTO_INCREMENT,
  `AlbumName` mediumtext,
  `EchoID` varchar(100) DEFAULT NULL,
  PRIMARY KEY (`ID`)
) ENGINE=InnoDB AUTO_INCREMENT=167 DEFAULT CHARSET=utf8;
/*!40101 SET character_set_client = @saved_cs_client */;

--
-- Dumping data for table `albums`
--

LOCK TABLES `albums` WRITE;
/*!40000 ALTER TABLE `albums` DISABLE KEYS */;
INSERT INTO `albums` VALUES (1,'Unknown',NULL),(2,'Fire Inside',NULL),(3,'The 1975',NULL),(4,'Macadelic',NULL),(5,'Turn Against This Land',NULL),(6,'Blue Slide Park',NULL),(7,'Good News for People Who Love Bad News',NULL),(8,'We Were Dead Before the Ship Even Sank',NULL),(9,'Donald Trump',NULL),(10,'Four',NULL),(11,'Music',NULL),(12,'Feel The Love',NULL),(13,'True',NULL),(14,'Waterloo to Anywhere',NULL),(15,'Romance At Short Notice',NULL),(16,'Reflektor',NULL),(17,'Holy Fire',NULL),(18,'The Suburbs',NULL),(19,'Under Control',NULL),(20,'gLAdiator Vol. 02 [2013]',NULL),(21,'Floorfillers 90s Club Classics CD2 By BSBT RG',NULL),(22,'Floorfillers 90s Club Classics By BSBT RG',NULL),(23,'Floorfillers 90s Club Classics cd3 By BSBT RG',NULL),(24,'Love Will Tear Us Apart',NULL),(25,'Gossamer',NULL),(26,'Congratulations',NULL),(27,'Floorfillers Club Anthems',NULL),(28,'Acid Rap',NULL),(29,'Crystal Castles',NULL),(30,'Crystal Castles ( II )',NULL),(31,'Oracular Spectacular',NULL),(32,'Intimacy',NULL),(33,'Where the Heaven Are We',NULL),(34,'Kings & Queens',NULL),(35,'Happiness',NULL),(36,'Man Alive',NULL),(37,'MGMT',NULL),(38,'Funeral',NULL),(39,'Manners',NULL),(40,'Arc',NULL),(41,'channel ORANGE (Explicit Version)',NULL),(42,'Out Of Nothing',NULL),(43,'One More Time',NULL),(44,'Some Cities [Japanese Import]',NULL),(45,'…Like Clockwork',NULL),(46,'Animals',NULL),(47,'Wolfgang Amadeus Phoenix',NULL),(48,'Lullabies To Paralyze',NULL),(49,'AM',NULL),(50,'Exile',NULL),(51,'Surfing The Void',NULL),(52,'WESTLACNCT.com',NULL),(53,'Hot Fuss',NULL),(54,'The Great Gatsby',NULL),(55,'www.steady130.com',NULL),(56,'18 Months',NULL),(57,'www.TheBurningEar.com',NULL),(58,'Countdown: Time in Outer Space',NULL),(59,'The Sound of Dubstep 2',NULL),(60,'Great Big Sled',NULL),(61,'Mockingbird Jan 14 Playlist',NULL),(62,'Alternative Times Vol 90',NULL),(63,'Only Time-The Collection CD1',NULL),(64,'(www.freshmp3music.ru)',NULL),(65,'Kezia',NULL),(66,'BLUR - UNDER THE WESTWAY',NULL),(67,'mp3pulse.ru',NULL),(68,'100 Hits Christmas Legends [Di',NULL),(69,'Lonely Boy',NULL),(70,'Dark light',NULL),(71,'äëãíêåäøãíå',NULL),(72,'Bangarang',NULL),(73,'Favourite Worst Nightmare',NULL),(74,'Verità Supposte',NULL),(75,'Xиты в дорогу 5050',NULL),(76,'This is Dirty',NULL),(77,'FridayMixtape.com',NULL),(78,'You Make Me - Single',NULL),(79,'http://soundvor.ru/',NULL),(80,'www.primemusic.ru',NULL),(81,'PrimeMusic.ru June 2013',NULL),(82,'Tiësto- I Will Be Here',NULL),(83,'Global DJs - The Las Vegas Sessions',NULL),(84,'Kontor Festival Sounds 2014.02 - The Opening Season',NULL),(85,'www.mixmp3.net',NULL),(86,'Troubleman',NULL),(87,'Corsten\'s Countdown 217 (2011-08-24) [PS]',NULL),(88,'Best Of June 2013',NULL),(89,'Le Grand Docu-Soap',NULL),(90,'Wake Me Up - Single',NULL),(91,'Abusivi',NULL),(92,'German Top 100 Single Charts',NULL),(93,'CannaPower Single-Charts',NULL),(94,'[muzmo.ru]',NULL),(95,'Our Youth Pt. 2',NULL),(96,'Unknown Pleasures',NULL),(97,'God Loves You When You\'re Dancing',NULL),(98,'PrimeMusic.ru July 2013',NULL),(99,'Chubbybeavers.com',NULL),(100,'Welcome Reality',NULL),(101,'ChemicalJump.com',NULL),(102,'Justice',NULL),(103,'A State of Trance 653 (2014-03-06) [vk.com/asotshow]',NULL),(104,'vk.com/edm_people',NULL),(105,'www.promuzic.com',NULL),(106,'NewMuz.net',NULL),(107,'zvukoff.ru',NULL),(108,'Musiclife.kz - Скачать музыку, mp3, песни бесплатно!',NULL),(109,'A Girl Like Me',NULL),(110,'xx',NULL),(111,'PrimeMusic.ru April 2013',NULL),(112,'Welcome Reality (Deluxe Edition)',NULL),(113,'We Own The Night',NULL),(114,'Traffic Vinyl',NULL),(115,'Billboard 2012 Year-End Hot 100 Songs - www.NhacHot.Info',NULL),(116,'Just Be',NULL),(117,'vk.com/rnbspot',NULL),(118,'Megalithic Symphony',NULL),(119,'Jazz & Blues The Best Collection (CD 1)',NULL),(120,'Fucking Crazy',NULL),(121,'Clubbers Guide to 2010 - CD3',NULL),(122,'VA - ♫HITS COCKTAIL - Vol. 3 (2014)',NULL),(123,'Howl At The Moon',NULL),(124,'Nobody To Love - Single',NULL),(125,'-',NULL),(126,'Moon & Stars Collection',NULL),(127,'The XX',NULL),(128,'Billboard 2012 Year-End Hot 100 Songs',NULL),(129,'Sense',NULL),(130,'A State of Trance 653',NULL),(131,'100 Hits Christmas Legends',NULL),(132,'Channel Orange',NULL),(133,'Truth Serum - EP',NULL),(134,'E232',NULL),(135,'Recess',NULL),(136,'Settle',NULL),(137,'It\'s Over - EP',NULL),(138,'SuperRapsody',NULL),(139,'Awake',NULL),(140,'Discovery',NULL),(141,'Floorfillers 90s Club Classics',NULL),(142,'Saturday Night',NULL),(143,'Boneless (Remixes)',NULL),(144,'Flight',NULL),(145,'Summer',NULL),(146,'Fade Into Darkness',NULL),(147,'Get ready For This 2012 Remixes',NULL),(148,'Ministry of Sound Clubber\'s Guide To 2010',NULL),(149,'Floorfillers 90s Club Classics / Compilation',NULL),(150,'The Party Album',NULL),(151,'No Beef',NULL),(152,'Melbourne Bounce (Remixes)',NULL),(153,'Fun Dance 2013 - Maxx',NULL),(154,'In My Mind',NULL),(155,'Bootie in Your Face',NULL),(156,'Ricky Ricardo',NULL),(157,'The Very Best Of Enya',NULL),(158,'Dubstep.Best 2 (by L-Djef)',NULL),(159,'Enya Remixes 1',NULL),(160,'n/a',NULL),(161,'SUMIREGUSA (WILD VIOLET) - 2005',NULL),(162,'Íåèçâåñòíûé',NULL),(163,'Sleepwalkers',NULL),(164,'Foremost Poets Reprint Compilation I.',NULL),(165,'Salvation',NULL),(166,'Can\'t Stop Me',NULL);
/*!40000 ALTER TABLE `albums` ENABLE KEYS */;
UNLOCK TABLES;

--
-- Table structure for table `artists`
--

DROP TABLE IF EXISTS `artists`;
/*!40101 SET @saved_cs_client     = @@character_set_client */;
/*!40101 SET character_set_client = utf8 */;
CREATE TABLE `artists` (
  `ID` int(11) NOT NULL AUTO_INCREMENT,
  `ArtistName` mediumtext,
  `EchoID` varchar(100) DEFAULT NULL,
  PRIMARY KEY (`ID`)
) ENGINE=InnoDB AUTO_INCREMENT=235 DEFAULT CHARSET=utf8;
/*!40101 SET character_set_client = @saved_cs_client */;

--
-- Dumping data for table `artists`
--

LOCK TABLES `artists` WRITE;
/*!40000 ALTER TABLE `artists` DISABLE KEYS */;
INSERT INTO `artists` VALUES (1,'Unknown',NULL),(2,'Gemini',NULL),(3,'The 1975',NULL),(4,'Mac Miller',NULL),(5,'DOGS',NULL),(6,'Modest Mouse',NULL),(7,'Bloc Party',NULL),(8,'<unknown>',NULL),(9,'Rudimental',NULL),(10,'Avicii',NULL),(11,'Dirty Pretty Things',NULL),(12,'Arcade Fire',NULL),(13,'Foals',NULL),(14,'Calvin Harris',NULL),(15,'gLAdiator',NULL),(16,'49ers',NULL),(17,'C & C Music Factory',NULL),(18,'Nomad',NULL),(19,'Beats International',NULL),(20,'Usura',NULL),(21,'Livin Joy',NULL),(22,'Kws',NULL),(23,'Baby D',NULL),(24,'East Side Beat',NULL),(25,'Adamski','ARMO4Z41187FB39427'),(26,'West End And Sybil',NULL),(27,'Love Decade',NULL),(28,'Crystal Waters',NULL),(29,'Bobby Brown',NULL),(30,'Blue Pearl',NULL),(31,'N Trance',NULL),(32,'Guru Josh',NULL),(33,'Technotronic',NULL),(34,'Brothers In Rhythm',NULL),(35,'OceaniC',NULL),(36,'Xpansions',NULL),(37,'Frisco Vs Ice Mc',NULL),(38,'Dr Alban',NULL),(39,'Scatman John',NULL),(40,'Evoke',NULL),(41,'Bass Bumpers',NULL),(42,'T Spoon',NULL),(43,'Vengaboys',NULL),(44,'Fatboy Slim',NULL),(45,'Gina G',NULL),(46,'Black Box',NULL),(47,'Camisra',NULL),(48,'0live',NULL),(49,'New Atlantic',NULL),(50,'Humanoid',NULL),(51,'U2',NULL),(52,'Wildchild',NULL),(53,'Rebel Mc',NULL),(54,'Bbg',NULL),(55,'The Artful Dodger',NULL),(56,'Clubhouse',NULL),(57,'Congress',NULL),(58,'Motiv 8',NULL),(59,'Strike',NULL),(60,'Undercover',NULL),(61,'Capella',NULL),(62,'The Farm',NULL),(63,'The Shamen',NULL),(64,'Tony Di Bart',NULL),(65,'Deee Lite',NULL),(66,'Shanie',NULL),(67,'Mr President',NULL),(68,'Dna feat Suzanne Vega',NULL),(69,'2 Unlimited',NULL),(70,'Sub Sub',NULL),(71,'Gabrielle',NULL),(72,'Rage',NULL),(73,'Dj Miko',NULL),(74,'K Klass',NULL),(75,'Ce Ce Peniston',NULL),(76,'Joy Division',NULL),(77,'Passion Pit',NULL),(78,'MGMT',NULL),(79,'Bastille',NULL),(80,'Frans Bak',NULL),(81,'Yeah Yeah Yeahs',NULL),(82,'Deadmau5',NULL),(83,'Ts7',NULL),(84,'Dada Life',NULL),(85,'Verde',NULL),(86,'Swedish House Mafia',NULL),(87,'Axwell',NULL),(88,'Wiley',NULL),(89,'Burns',NULL),(90,'Otto Knows',NULL),(91,'Vato Gonzalez',NULL),(92,'Peking Duk',NULL),(93,'Charlie Brown',NULL),(94,'Nicky Romero',NULL),(95,'Iggy Azalea',NULL),(96,'Benny Benassi',NULL),(97,'Marco J',NULL),(98,'Steve Aoki',NULL),(99,'Ian Carey',NULL),(100,'Dizzee Rascal',NULL),(101,'Michael Calfan',NULL),(102,'Arty',NULL),(103,'Fragma',NULL),(104,'Afrojack','ARX6MR511C8A42C159'),(105,'Cedric Gervais',NULL),(106,'Knife Party',NULL),(107,'Alesso',NULL),(108,'Martin Solveig',NULL),(109,'Madeon',NULL),(110,'Deniz Koyu',NULL),(111,'Disclosure','ARPCATO12B3B3540E2'),(112,'Psy',NULL),(113,'Sebastian Ingrosso',NULL),(114,'Lana Del Rey',NULL),(115,'Chance The Rapper',NULL),(116,'Crystal Castles',NULL),(117,'Swim Deep',NULL),(118,'Jamie T',NULL),(119,'Hurts',NULL),(120,'Everything Everything',NULL),(121,'Frank Ocean',NULL),(122,'Embrace',NULL),(123,'Daft Punk',NULL),(124,'Doves',NULL),(125,'Queens of the Stone Age',NULL),(126,'Martin Garrix',NULL),(127,'Phoenix',NULL),(128,'Arctic Monkeys',NULL),(129,'Klaxons',NULL),(130,'Nero',NULL),(131,'The Killers',NULL),(132,'Justice',NULL),(133,'Dave Brubeck',NULL),(134,'Say Anything',NULL),(135,'Enya','AREACYD1187FB566DE'),(136,'Protest The Hero',NULL),(137,'BLUR - UNDER THE WESTWAY',NULL),(138,'Deorro','ARSVRID139A2DB2C5B'),(139,'Contiez vs. Reece Low vs. Deorro',NULL),(140,'Kaptn',NULL),(141,'Rihanna - Diamonds',NULL),(142,'Bobby Helms',NULL),(143,'The Black Keys',NULL),(144,'East 17',NULL),(145,'Swedish House Mafia feat. John Martin',NULL),(146,'Skrillex',NULL),(147,'CapaRezza',NULL),(148,'DVBBS & MOTi',NULL),(149,'Avicii Feat. Aloe Blacc',NULL),(150,'Avicii feat. Etta James',NULL),(151,'Tiesto &amp; Dyro',NULL),(152,'DJ Tiesto',NULL),(153,'Deorro feat. Madeleine Jayne & Adrian Delgado',NULL),(154,'Steve Aoki, Diplo',NULL),(155,'Roger Sanchez, GTO',NULL),(156,'Sander van Doorn',NULL),(157,'Calvin Harris ft. Ellie Goulding',NULL),(158,'Army Of Lovers',NULL),(159,'Tinturia',NULL),(160,'Tove Lo',NULL),(161,'[muzmo.ru] Selena Gomez',NULL),(162,'Urban Cone',NULL),(163,'Vance Joy',NULL),(164,'Lucas Nord feat. Tove Lo',NULL),(165,'Cash Cash feat. Bebe Rexha',NULL),(166,'Cash Cash',NULL),(167,'The Vamps',NULL),(168,'Jess Glynne',NULL),(169,'Armin van Buuren',NULL),(170,'Orkestrated, Fries & Shine ft. Big Nab',NULL),(171,'Sebastian Ingrosso & Alesso',NULL),(172,'DVBBS & Borgeous',NULL),(173,'David Guetta feat. Skylar Grey',NULL),(174,'Chris Brown feat. Benny Benassi',NULL),(175,'Rihanna',NULL),(176,'The xx',NULL),(177,'Dimitri Vangelis &amp; Wyman f',NULL),(178,'Deorro feat. Pasha',NULL),(179,'Tiesto & Wolfgang Gartner feat Luciana',NULL),(180,'Record Club Online Radio',NULL),(181,'Avicii vs Nicky Romero',NULL),(182,'AWOLNATION',NULL),(183,'Deorro & Joel Fletcher',NULL),(184,'Ella Fitzgerald',NULL),(185,'Eminem',NULL),(186,'Adrian Lux','ARMFGGY121318C5AD9'),(187,'Guy Sebastian',NULL),(188,'Kyla La Grange',NULL),(189,'Showtek & Justin Prime ft. Matthew Koma',NULL),(190,'Radio Record',NULL),(191,'Stadiumx,Taylr Renee',NULL),(192,'Mr. Probz',NULL),(193,'Sigma',NULL),(194,'Neville Bartos & Lorenzo',NULL),(195,'KromOzone Project',NULL),(196,'David Guetta ft. Skylar Grey',NULL),(197,'John Legend',NULL),(198,'DJ Fresh ft. Rita Ora',NULL),(199,'XX',NULL),(200,'Dimitri Vangelis & Wyman',NULL),(201,'Duck Sauce',NULL),(202,'Eminem ft. Rihanna',NULL),(203,'Klingande',NULL),(204,'Dimitri Vegas & Martin Garrix',NULL),(205,'Beatrice Eli',NULL),(206,'Clean Bandit ft. Jess Glynne',NULL),(207,'Eric Prydz',NULL),(208,'Dimitri Vegas & Like Mike ft. Boostedkids',NULL),(209,'DJ T. feat James Teej',NULL),(210,'Selena Gomez',NULL),(211,'Under the Westway',NULL),(212,'Duke Dumont feat. Jax Jones',NULL),(213,'NormaPesnya',NULL),(214,'The Chainsmokers',NULL),(215,'-',NULL),(216,'Fugees',NULL),(217,'Fuges',NULL),(218,'Skillet',NULL),(219,'Tiesto & Dyro',NULL),(220,'The Dandy Warhols',NULL),(221,'Seven Lions',NULL),(222,'Kawkastyle',NULL),(223,'Adamski & Seal',NULL),(224,'David Guetta','ARH2QI91187FB3788D'),(225,'Orkestrated','ARMJLNY134B4F5F937'),(226,'Shadon Doorson',NULL),(227,'ivan gough and feenixpawl ft. georgi kay',NULL),(228,'Ivan Gough','ARG6CBF1187FB49E85'),(229,'Käpt\'n','ARYVKZR1269FB26AE6'),(230,'[muzmo.ru] S Bass Break Dance',NULL),(231,'YEMELYANOVO EDIT',NULL),(232,'[mp3ex.net]Enya ôèëüì \" ËÓÍÀÒÈÊÈ\"',NULL),(233,'Enya (Feat. Stevie Wonder)',NULL),(234,'King of bass','ARJUWAI12AA0D900AC');
/*!40000 ALTER TABLE `artists` ENABLE KEYS */;
UNLOCK TABLES;

--
-- Table structure for table `genres`
--

DROP TABLE IF EXISTS `genres`;
/*!40101 SET @saved_cs_client     = @@character_set_client */;
/*!40101 SET character_set_client = utf8 */;
CREATE TABLE `genres` (
  `ID` int(11) NOT NULL AUTO_INCREMENT,
  `GenreName` mediumtext,
  PRIMARY KEY (`ID`)
) ENGINE=InnoDB AUTO_INCREMENT=55 DEFAULT CHARSET=utf8;
/*!40101 SET character_set_client = @saved_cs_client */;

--
-- Dumping data for table `genres`
--

LOCK TABLES `genres` WRITE;
/*!40000 ALTER TABLE `genres` DISABLE KEYS */;
INSERT INTO `genres` VALUES (1,'Unknown'),(2,'Alternative Rock'),(3,'Hip-Hop'),(4,'Indie Rock'),(5,'Alternative'),(6,'Other'),(7,'Rock'),(8,'Indie'),(9,'TRVP'),(10,'Dance'),(11,'Postpunk'),(12,'Acid Rap'),(13,'Electronica'),(14,'Electronica/Dance'),(15,'AlternRock'),(16,'Pop'),(17,'Psychedelic Rock'),(18,'Unknown genre'),(19,'Electronic'),(20,'Britpop'),(21,'Ambient Alternative'),(22,'Brit Rock'),(23,'Soundtrack'),(24,'Dubstep'),(25,'Jazz'),(26,'house'),(27,'Christian Gangsta Rap'),(28,'Mockingbird'),(29,'New Age'),(30,'www.freshmp3music.ru'),(31,'Punk'),(32,'Electro House'),(33,'mp3pulse.ru'),(34,'Progressive House'),(35,'⑶'),(36,'Hip Hop'),(37,'Dance , Pop'),(38,'Prime Music'),(39,'Dance, House'),(40,'Trance'),(41,'Single'),(42,'Pop-Rock'),(43,'www.promuzic.com'),(44,'MusicLife.kz - Лучший музыкальный Портал Казахстана!'),(45,'R&B'),(46,'Rap'),(47,'Electronica & Dance'),(48,'Pop, Dance'),(49,'-'),(50,'Blues'),(51,'Instrumental'),(52,'www.mp3-ogg.ru'),(53,'New Age World Music'),(54,'House Remix');
/*!40000 ALTER TABLE `genres` ENABLE KEYS */;
UNLOCK TABLES;

--
-- Table structure for table `music`
--

DROP TABLE IF EXISTS `music`;
/*!40101 SET @saved_cs_client     = @@character_set_client */;
/*!40101 SET character_set_client = utf8 */;
CREATE TABLE `music` (
  `ID` int(11) NOT NULL AUTO_INCREMENT,
  `Filename` mediumtext NOT NULL,
  `TrackName` mediumtext,
  `ArtistID` int(11) DEFAULT '0',
  `AlbumID` int(11) DEFAULT '0',
  `Plays` int(11) DEFAULT '0',
  `FileMD5` mediumtext,
  `GenreID` int(11) DEFAULT '0',
  `BitRate` int(11) DEFAULT '0',
  `Rating` tinyint(4) DEFAULT '0',
  `Duration` int(11) DEFAULT '0',
  `Year` varchar(7) DEFAULT NULL,
  `DateAdded` timestamp NOT NULL DEFAULT CURRENT_TIMESTAMP,
  `EchoID` varchar(100) DEFAULT NULL,
  PRIMARY KEY (`ID`)
) ENGINE=InnoDB AUTO_INCREMENT=2198 DEFAULT CHARSET=utf8;
/*!40101 SET character_set_client = @saved_cs_client */;

--
-- Dumping data for table `music`
--

LOCK TABLES `music` WRITE;
/*!40000 ALTER TABLE `music` DISABLE KEYS */;
INSERT INTO `music` VALUES (1562,'/var/www/player/store/2d3daf2d44e251fd6dfe049264d18171.mp3','Nobody To Love',193,124,0,'2d3daf2d44e251fd6dfe049264d18171',10,0,0,0,'2014','2014-08-23 01:09:15',NULL),(1563,'/var/www/player/store/bf06724fab3c07b0384139abfb948a53.mp3','Looking As You Are',122,42,0,'bf06724fab3c07b0384139abfb948a53',20,0,0,0,'2004','2014-08-23 01:09:15',NULL),(1564,'/var/www/player/store/cc780e23ad47d7b94d2d24c1cf7136c1.mp3','Mirrored Sea',77,25,0,'cc780e23ad47d7b94d2d24c1cf7136c1',5,0,0,0,'2012','2014-08-23 01:09:16',NULL),(1565,'/var/www/player/store/efdca034acfb79b0bf4baf85f20f1282.mp3','Everybody\'s Gotta Learn Sometime',158,89,1,'efdca034acfb79b0bf4baf85f20f1282',16,0,0,0,'2001','2014-08-23 01:09:18',NULL),(1566,'/var/www/player/store/457f22d61889509e68bcb2b89e704f8a.mp3','12',3,3,1,'457f22d61889509e68bcb2b89e704f8a',2,0,0,0,'2013','2014-08-23 01:09:18',NULL),(1567,'/var/www/player/store/b89504695a386a7be5da649f765566da.mp3','Faultlines',11,15,0,'b89504695a386a7be5da649f765566da',7,0,0,0,'2008','2014-08-23 01:09:18',NULL),(1568,'/var/www/player/store/73fa210f52333a1af1583926d236340e.mp3','Ricky Ricardo - Deorro Remix',229,156,0,'73fa210f52333a1af1583926d236340e',0,0,0,0,NULL,'2014-08-23 01:09:18','SOUNOMK1417B727BED'),(1569,'/var/www/player/store/e5edb9fbd1a520e3beaea43e64ba2dcb.mp3','Just Be',152,116,0,'e5edb9fbd1a520e3beaea43e64ba2dcb',0,0,0,0,'2004','2014-08-23 01:09:18',NULL),(1570,'/var/www/player/store/9de9c6abeb0badfdb8f4f82ba67ce632.mp3','Future Reflections',78,31,0,'9de9c6abeb0badfdb8f4f82ba67ce632',8,0,0,0,'2007','2014-08-23 01:09:18',NULL),(1571,'/var/www/player/store/cb8b5dc55b1a610e014b902d3750c961.mp3','Better Than Heaven',7,32,1,'cb8b5dc55b1a610e014b902d3750c961',15,0,0,0,'2008','2014-08-23 01:09:18',NULL),(1572,'/var/www/player/store/b191c08f20421353332d23066e6f52c3.mp3','These Days',76,24,0,'b191c08f20421353332d23066e6f52c3',11,0,0,0,'1980','2014-08-23 01:09:19',NULL),(1573,'/var/www/player/store/04458c3fa95bf3ca570af9f26487e4b6.mp3',NULL,9,12,1,'04458c3fa95bf3ca570af9f26487e4b6',0,0,0,0,'2013','2014-08-23 01:09:19',NULL),(1574,'/var/www/player/store/fd185e8c58709e8d99b0eb31445df4dc.mp3','The Healing',7,10,1,'fd185e8c58709e8d99b0eb31445df4dc',4,0,0,0,'2012','2014-08-23 01:09:19',NULL),(1575,'/var/www/player/store/ff2f8871fc36a88b8c47826f4fcea58a.mp3','I\'ll Be Alright',77,25,0,'ff2f8871fc36a88b8c47826f4fcea58a',5,0,0,0,'2012','2014-08-23 01:09:19',NULL),(1576,'/var/www/player/store/bb98eba8dd4306f3944365305812bfca.mp3','V.A.L.I.S',7,10,1,'bb98eba8dd4306f3944365305812bfca',4,0,0,0,'2012','2014-08-23 01:09:20',NULL),(1577,'/var/www/player/store/cb0dd5d4b6e5613eb04315375c4433ce.mp3','Kemosabe',120,40,0,'cb0dd5d4b6e5613eb04315375c4433ce',4,0,0,0,'2013','2014-08-23 01:09:20',NULL),(1578,'/var/www/player/store/8b93659444d39eb24c50ded3dfbcad0c.mp3','Come Alive Diana',120,36,0,'8b93659444d39eb24c50ded3dfbcad0c',0,0,0,0,'2010','2014-08-23 01:09:20',NULL),(1579,'/var/www/player/store/cdc58b0d373d97feac523c957e918700.mp3','Astro-Mancy',78,37,0,'cdc58b0d373d97feac523c957e918700',17,0,0,0,'2013','2014-08-23 01:09:20',NULL),(1580,'/var/www/player/store/e8f0423a001c5ae8ff9eb6dbe7fca82b.mp3','Calling (Lose My Mind)',113,27,0,'e8f0423a001c5ae8ff9eb6dbe7fca82b',10,0,0,0,'2013','2014-08-23 01:09:21',NULL),(1581,'/var/www/player/store/c7bd9e2e211f9b698aa7e431e1fefb32.mp3','Robbers',3,3,0,'c7bd9e2e211f9b698aa7e431e1fefb32',2,0,0,0,'2013','2014-08-23 01:09:21',NULL),(1582,'/var/www/player/store/786c9b8b2bb56880cc182b69c9498dcd.mp3','Etude',130,125,1,'786c9b8b2bb56880cc182b69c9498dcd',49,0,0,0,'-','2014-08-23 01:09:21',NULL),(1583,'/var/www/player/store/cb59a719556e2534088084e6968afb4b.mp3','Ignorant (feat. Cam\'ron) (prod. Cardo) (DatPiff Exclusive)',4,4,0,'cb59a719556e2534088084e6968afb4b',3,0,0,0,NULL,'2014-08-23 01:09:22',NULL),(1584,'/var/www/player/store/edf1b3a123961641e1b691d494b123bf.mp3','Qwerty Finger',120,36,0,'edf1b3a123961641e1b691d494b123bf',0,0,0,0,'2010','2014-08-23 01:09:22',NULL),(1585,'/var/www/player/store/03102d2bf04d422bf76ebd079bcfb6d4.mp3','Toca\'s Miracle',103,27,1,'03102d2bf04d422bf76ebd079bcfb6d4',10,0,0,0,'2013','2014-08-23 01:09:23',NULL),(1586,'/var/www/player/store/7a7eff7d250e7c49227dec5bb94a367d.mp3','Heart Out',3,3,0,'7a7eff7d250e7c49227dec5bb94a367d',2,0,0,0,'2013','2014-08-23 01:09:23',NULL),(1587,'/var/www/player/store/cacb0a881a564b6e41dabbb29db39bcc.mp3','Talk!',3,3,0,'cacb0a881a564b6e41dabbb29db39bcc',2,0,0,0,'2013','2014-08-23 01:09:23',NULL),(1588,'/var/www/player/store/05d4df25b0b3e9d215cfdcdf243992dd.mp3','Teenage Crime',186,148,13,'05d4df25b0b3e9d215cfdcdf243992dd',47,0,0,0,'2009','2014-08-23 01:09:23','SORCOYZ13758B4FAD5'),(1589,'/var/www/player/store/63c3356e2520822e4e37a26abe0481e3.mp3','Luv With U',195,126,1,'63c3356e2520822e4e37a26abe0481e3',49,0,0,0,'2006','2014-08-23 01:09:23',NULL),(1590,'/var/www/player/store/f2512e85c745572dd1430b590a2c814f.mp3','I Could Be The One',181,125,1,'f2512e85c745572dd1430b590a2c814f',0,0,0,0,NULL,'2014-08-23 01:09:23',NULL),(1591,'/var/www/player/store/9c41351b64b12d1d43716d73e9dabd91.mp3','Snap Out of It',128,49,1,'9c41351b64b12d1d43716d73e9dabd91',7,0,0,0,'2013','2014-08-23 01:09:23',NULL),(1592,'/var/www/player/store/4f46d9fab9e696b302e872eef89455b0.mp3','Sandman',119,50,0,'4f46d9fab9e696b302e872eef89455b0',16,0,0,0,'2013','2014-08-23 01:09:23',NULL),(1593,'/var/www/player/store/d6b30e91780dbc36151b60dc4dd747a8.mp3','Lost (ft. Noname Gypsy)',115,28,1,'d6b30e91780dbc36151b60dc4dd747a8',12,0,0,0,'2013','2014-08-23 01:09:24',NULL),(1594,'/var/www/player/store/95261c55f47d6c354df11ff2e7cfdb32.mp3','Ping Pong',169,130,1,'95261c55f47d6c354df11ff2e7cfdb32',40,0,0,0,'2014','2014-08-23 01:09:24',NULL),(1595,'/var/www/player/store/b87c1452d3b5e4f0ae6a07c6f981017a.mp3','It\'s Not My Fault, I\'m Happy',77,25,0,'b87c1452d3b5e4f0ae6a07c6f981017a',5,0,0,0,'2012','2014-08-23 01:09:24',NULL),(1596,'/var/www/player/store/16b89d7446089fb9113281e8f7713ba0.mp3','Channel 42',82,27,0,'16b89d7446089fb9113281e8f7713ba0',10,0,0,0,'2013','2014-08-23 01:09:25',NULL),(1597,'/var/www/player/store/a77b07ef1394c4c5c67f20f080703c70.mp3','Angels (When She Shuts Her Eyes) (prod. Clams Casino) (DatPiff Exclusive)',4,4,0,'a77b07ef1394c4c5c67f20f080703c70',3,0,0,0,NULL,'2014-08-23 01:09:26',NULL),(1598,'/var/www/player/store/a6703f576ba9d9b3c0abfc36299d3460.mp3','Heretics & Killers',136,65,0,'a6703f576ba9d9b3c0abfc36299d3460',31,0,0,0,'2005','2014-08-23 01:09:26',NULL),(1599,'/var/www/player/store/18a0ae326d842f618229fa68a932ed16.mp3','Lose Yourself (nujabes remix)',185,125,2,'18a0ae326d842f618229fa68a932ed16',49,0,0,0,'-','2014-08-23 01:09:26',NULL),(1600,'/var/www/player/store/0786398637923798e0e732e2b34a7dfa.mp3','Flashover',129,51,0,'0786398637923798e0e732e2b34a7dfa',7,0,0,0,'2010','2014-08-23 01:09:26',NULL),(1601,'/var/www/player/store/9620ed07566f2886ddd653e4b3b0c481.mp3','Armourland',120,40,0,'9620ed07566f2886ddd653e4b3b0c481',4,0,0,0,'2013','2014-08-23 01:09:27',NULL),(1602,'/var/www/player/store/73b34334b3d271e4407664bf52d36b4c.mp3','Kalopsia',125,45,0,'73b34334b3d271e4407664bf52d36b4c',7,0,0,0,'2013','2014-08-23 01:09:27',NULL),(1603,'/var/www/player/store/43dc699f14e2e87272baac9c4a6b32dc.mp3',NULL,0,0,3,'43dc699f14e2e87272baac9c4a6b32dc',0,0,0,0,NULL,'2014-08-23 01:09:27',NULL),(1604,'/var/www/player/store/40c171128864f774c8cfaa9b5b75973e.mp3','Castro Dies',118,34,0,'40c171128864f774c8cfaa9b5b75973e',8,0,0,0,'2009','2014-08-23 01:09:27',NULL),(1605,'/var/www/player/store/a769388c4b7ec7e6309df2b83651a012.mp3','Episode 002',15,20,0,'a769388c4b7ec7e6309df2b83651a012',9,0,0,0,'2013','2014-08-23 01:09:29',NULL),(1606,'/var/www/player/store/ef60fe5d04a44c9e01e418de6c5b3ac1.mp3','3x3',7,10,1,'ef60fe5d04a44c9e01e418de6c5b3ac1',4,0,0,0,'2012','2014-08-23 01:09:29',NULL),(1607,'/var/www/player/store/e7c7c7ea259a30f5dcec0c6ce269fbd3.mp3','Reckless',116,29,1,'e7c7c7ea259a30f5dcec0c6ce269fbd3',13,0,0,0,'2008','2014-08-23 01:09:29',NULL),(1608,'/var/www/player/store/5a77773c878fcf2affa8631ca08698d0.mp3','Molly',105,27,1,'5a77773c878fcf2affa8631ca08698d0',10,0,0,0,'2013','2014-08-23 01:09:30',NULL),(1609,'/var/www/player/store/699dd536852c8880b91076d4c5544b6a.mp3','Signs',7,32,1,'699dd536852c8880b91076d4c5544b6a',15,0,0,0,'2008','2014-08-23 01:09:30',NULL),(1610,'/var/www/player/store/0d72c8dc9eda214b000a8cdfe4a5b6c5.mp3','Breathe (Michael White Remix)',146,0,0,'0d72c8dc9eda214b000a8cdfe4a5b6c5',0,0,0,0,NULL,'2014-08-23 01:09:30',NULL),(1611,'/var/www/player/store/918e4a845f288cc49614143c619f2079.mp3','Emmylou',163,97,0,'918e4a845f288cc49614143c619f2079',8,0,0,0,'2013','2014-08-23 01:09:32',NULL),(1612,'/var/www/player/store/cb00204b07e2f53b92a1ce65dc1fb9c7.mp3','Trojan Horse',7,32,1,'cb00204b07e2f53b92a1ce65dc1fb9c7',15,0,0,0,'2008','2014-08-23 01:09:32',NULL),(1613,'/var/www/player/store/87fc95a6c7a83c0b5f94d9344afb75bc.mp3','Twin Flames',129,51,0,'87fc95a6c7a83c0b5f94d9344afb75bc',7,0,0,0,'2010','2014-08-23 01:09:32',NULL),(1614,'/var/www/player/store/00b6f17f647dfa0456f1b35e92ac8bbf.mp3','Little Secrets',77,39,0,'00b6f17f647dfa0456f1b35e92ac8bbf',13,0,0,0,'2009','2014-08-23 01:09:32',NULL),(1615,'/var/www/player/store/9dd2db047c0ee21cf3dea380b3af7ef5.mp3','Choice Mountain',120,40,0,'9dd2db047c0ee21cf3dea380b3af7ef5',4,0,0,0,'2013','2014-08-23 01:09:33',NULL),(1616,'/var/www/player/store/067e57e06a3260adcfc1c57e2436b684.mp3','I Wanna Be Yours',128,49,1,'067e57e06a3260adcfc1c57e2436b684',7,0,0,0,'2013','2014-08-23 01:09:33',NULL),(1617,'/var/www/player/store/4a4b4a346212954fc35b1d7537c866a6.mp3','Kettling',7,10,2,'4a4b4a346212954fc35b1d7537c866a6',4,0,0,0,'2012','2014-08-23 01:09:33',NULL),(1618,'/var/www/player/store/a714cfe7311eddf2bc28430a745e95ea.mp3','Vitamins (prod. ID Labs) (DatPiff Exclusive)',4,4,0,'a714cfe7311eddf2bc28430a745e95ea',3,0,0,0,NULL,'2014-08-23 01:09:34',NULL),(1619,'/var/www/player/store/205d0315fa6f82d32e8643e13863cf09.mp3','The Night Out',108,27,0,'205d0315fa6f82d32e8643e13863cf09',10,0,0,0,'2013','2014-08-23 01:09:35',NULL),(1620,'/var/www/player/store/4e245021dcdefcc229fb4f2014bb1d20.mp3','Wassup For President Trumpsta (Evgeniy Spirit Mash-up)',139,125,1,'4e245021dcdefcc229fb4f2014bb1d20',49,0,0,0,'-','2014-08-23 01:09:35',NULL),(1621,'/var/www/player/store/292937ddf6102542ac9f899ae01e3f3a.mp3','Congratulations',78,26,0,'292937ddf6102542ac9f899ae01e3f3a',8,0,0,0,'2010','2014-08-23 01:09:35',NULL),(1622,'/var/www/player/store/1a22d405356edc199dbaeb34c0f18f95.mp3','Wake Me Up',149,0,1,'1a22d405356edc199dbaeb34c0f18f95',0,0,0,0,NULL,'2014-08-23 01:09:35',NULL),(1623,'/var/www/player/store/579632cfbc6900b2cccda8cddfd897da.mp3','Deadwood',11,14,0,'579632cfbc6900b2cccda8cddfd897da',5,0,0,0,'2006','2014-08-23 01:09:35',NULL),(1624,'/var/www/player/store/c8ba86e38f6462362c223aebe46ace40.mp3','Intro',176,110,0,'c8ba86e38f6462362c223aebe46ace40',8,0,0,0,'2009','2014-08-23 01:09:35',NULL),(1625,'/var/www/player/store/bcb8df5cb9b68e209fd7b7b8183ed4ba.mp3','Five Hours',138,125,0,'bcb8df5cb9b68e209fd7b7b8183ed4ba',49,0,0,0,'-','2014-08-23 01:09:35',NULL),(1626,'/var/www/player/store/5500413b5bbb8b2075bc5d892fc9c954.mp3','She\'s Lost Control',76,96,0,'5500413b5bbb8b2075bc5d892fc9c954',42,0,0,0,'1979','2014-08-23 01:09:35',NULL),(1627,'/var/www/player/store/ca26da39e2134b4b180056272d261e72.mp3','Forrest Gump',121,41,0,'ca26da39e2134b4b180056272d261e72',16,0,0,0,'2012','2014-08-23 01:09:35',NULL),(1628,'/var/www/player/store/e31d31a127ef8786e9fad69ee3f8eb58.mp3','Summer',14,145,1,'e31d31a127ef8786e9fad69ee3f8eb58',37,0,0,0,'2014','2014-08-23 01:09:36',NULL),(1629,'/var/www/player/store/f24dff6a915cca8e334d42bfde961be2.mp3','1901',127,47,0,'f24dff6a915cca8e334d42bfde961be2',2,0,0,0,'2009','2014-08-23 01:09:36',NULL),(1630,'/var/www/player/store/c97c3d62a129d036e50777d008cbd272.mp3','Summertime Sadness',114,27,0,'c97c3d62a129d036e50777d008cbd272',10,0,0,0,'2013','2014-08-23 01:09:36',NULL),(1631,'/var/www/player/store/1d10c354332b52b891adfaa7d6521821.mp3','Octopus',7,10,1,'1d10c354332b52b891adfaa7d6521821',4,0,0,0,'2012','2014-08-23 01:09:37',NULL),(1632,'/var/www/player/store/dc038b33d0556b391e515c23e46410cf.mp3','Normal Person',12,16,3,'dc038b33d0556b391e515c23e46410cf',0,0,2,0,'2013','2014-08-23 01:09:38','SOKMCVA141F2D54FB8'),(1633,'/var/www/player/store/c822496a3d329cccd0a9e136d14c07e9.mp3','SOS',175,109,0,'c822496a3d329cccd0a9e136d14c07e9',45,0,0,0,'2006','2014-08-23 01:09:38',NULL),(1634,'/var/www/player/store/95c2adc6fc44b7402fb2872df86a0d18.mp3','Better Than Love',119,35,0,'95c2adc6fc44b7402fb2872df86a0d18',16,0,0,0,'2010','2014-08-23 01:09:38',NULL),(1635,'/var/www/player/store/151ae0c5e4eda5bc45d1eaa6db100338.mp3','The Vampyre Of Time And Memory',125,45,0,'151ae0c5e4eda5bc45d1eaa6db100338',7,0,0,0,'2013','2014-08-23 01:09:38',NULL),(1636,'/var/www/player/store/dd3d40d3ec2a6d9e558fb67e05725a7a.mp3','Sunday',119,35,0,'dd3d40d3ec2a6d9e558fb67e05725a7a',16,0,0,0,'2010','2014-08-23 01:09:38',NULL),(1637,'/var/www/player/store/1a0bcf2f5329efd2f08f76e11c8d9a7d.mp3','Fire Inside',2,2,0,'1a0bcf2f5329efd2f08f76e11c8d9a7d',0,0,0,0,NULL,'2014-08-23 01:09:38',NULL),(1638,'/var/www/player/store/6d5d6de32c736b94f657786c5d368010.mp3','Hidden Track',12,16,3,'6d5d6de32c736b94f657786c5d368010',0,0,2,0,'2013','2014-08-23 01:09:39',NULL),(1639,'/var/www/player/store/9417a8b21cb1d353356b2f4c1dfe79cc.mp3','Let Your Love Grow Tall',77,39,0,'9417a8b21cb1d353356b2f4c1dfe79cc',13,0,0,0,'2009','2014-08-23 01:09:40',NULL),(1640,'/var/www/player/store/1aaac631ac2b8ee2c2079a1da99e956d.mp3','Lost',121,41,0,'1aaac631ac2b8ee2c2079a1da99e956d',16,0,0,0,'2012','2014-08-23 01:09:40',NULL),(1641,'/var/www/player/store/4ee1e11dbcbbba0ee7f77e2cf01c7ad1.mp3','Out Of The Woods',13,17,0,'4ee1e11dbcbbba0ee7f77e2cf01c7ad1',8,0,0,0,'2013','2014-08-23 01:09:40',NULL),(1642,'/var/www/player/store/a3c8b30171f2d0edd819234e0f537dba.mp3','Feet For Hands',120,40,0,'a3c8b30171f2d0edd819234e0f537dba',4,0,0,0,'2013','2014-08-23 01:09:40',NULL),(1643,'/var/www/player/store/83467635b3c63497d3a12493a2aa44c4.mp3','Cinema',96,27,1,'83467635b3c63497d3a12493a2aa44c4',10,0,0,0,'2013','2014-08-23 01:09:41',NULL),(1644,'/var/www/player/store/a512adca0a713b862920c4191313d460.mp3','Only You',119,50,0,'a512adca0a713b862920c4191313d460',16,0,0,0,'2013','2014-08-23 01:09:41',NULL),(1645,'/var/www/player/store/734b99a05141c654db95c48643a42424.mp3','Someday',122,42,0,'734b99a05141c654db95c48643a42424',20,0,0,0,'2004','2014-08-23 01:09:41',NULL),(1646,'/var/www/player/store/6eb56df3d779ae41cbdf30208d6b66c3.mp3','I Found U',87,27,1,'6eb56df3d779ae41cbdf30208d6b66c3',10,0,0,0,'2013','2014-08-23 01:09:42',NULL),(1647,'/var/www/player/store/8f05fb084395ba753cc452b6fef86340.mp3','Rebellion (Lies)',12,38,3,'8f05fb084395ba753cc452b6fef86340',18,0,2,0,'2004','2014-08-23 01:09:42',NULL),(1648,'/var/www/player/store/69bd3de766432204b29a9a36902fc30f.mp3','Everytime',13,17,0,'69bd3de766432204b29a9a36902fc30f',8,0,0,0,'2013','2014-08-23 01:09:42',NULL),(1649,'/var/www/player/store/76cc7d73b50c12ba51ad4b39c28b17ed.mp3','Tired Of England',11,15,0,'76cc7d73b50c12ba51ad4b39c28b17ed',7,0,0,0,'2008','2014-08-23 01:09:42',NULL),(1650,'/var/www/player/store/8a8043c10b221e610f331f72493c33f2.mp3','Girls',3,3,0,'8a8043c10b221e610f331f72493c33f2',2,0,0,0,'2013','2014-08-23 01:09:42',NULL),(1651,'/var/www/player/store/9b1f77075913e877d40e954a6a9caea6.mp3','Sleepyhead',77,39,0,'9b1f77075913e877d40e954a6a9caea6',13,0,0,0,'2009','2014-08-23 01:09:44',NULL),(1652,'/var/www/player/store/bd93b91380ced0d2db02837210229f95.mp3','Menswear',3,3,0,'bd93b91380ced0d2db02837210229f95',2,0,0,0,'2013','2014-08-23 01:09:44',NULL),(1653,'/var/www/player/store/74cf8202313bd27ec6f0ce29f635e77b.mp3','Neighborhood #4 (7 Kettles)',12,38,2,'74cf8202313bd27ec6f0ce29f635e77b',18,0,2,0,'2004','2014-08-23 01:09:44',NULL),(1654,'/var/www/player/store/9e475f29ab53047b08c485a7c87dc63a.mp3','Toulouse',94,27,0,'9e475f29ab53047b08c485a7c87dc63a',10,0,0,0,'2013','2014-08-23 01:09:45',NULL),(1655,'/var/www/player/store/83384f475c00475c110258b8b90a31cb.mp3','Final Form',120,36,0,'83384f475c00475c110258b8b90a31cb',0,0,0,0,'2010','2014-08-23 01:09:45',NULL),(1656,'/var/www/player/store/e7868cee17739f3534e756e09b5f77dc.mp3','Crush On You',130,112,0,'e7868cee17739f3534e756e09b5f77dc',24,0,0,0,'2011','2014-08-23 01:09:45',NULL),(1657,'/var/www/player/store/ca006c786f9de89f269761ecfd237678.mp3','White (feat. John Mayer)',121,41,0,'ca006c786f9de89f269761ecfd237678',16,0,0,0,'2012','2014-08-23 01:09:45',NULL),(1658,'/var/www/player/store/00f64ffabc158b4c55f22e03c54fbb46.mp3','Venusia',129,51,0,'00f64ffabc158b4c55f22e03c54fbb46',7,0,0,0,'2010','2014-08-23 01:09:45',NULL),(1659,'/var/www/player/store/e9d0492bb92f69f97fa25066938f5f1b.mp3','Dashboard',6,8,0,'e9d0492bb92f69f97fa25066938f5f1b',0,0,0,0,NULL,'2014-08-23 01:09:48',NULL),(1660,'/var/www/player/store/174dd69921e6a0adda86d0105cfc9f6b.mp3','Wish \'Em All Away',122,42,0,'174dd69921e6a0adda86d0105cfc9f6b',20,0,0,0,'2004','2014-08-23 01:09:48',NULL),(1661,'/var/www/player/store/1ab46a56df54da00512fef1525f9c977.mp3','In My Head',125,48,0,'1ab46a56df54da00512fef1525f9c977',7,0,0,0,'2005','2014-08-23 01:09:48',NULL),(1662,'/var/www/player/store/2f9451f2d2c2e745c32d38b74fe4f1b3.mp3','Mercy',119,50,0,'2f9451f2d2c2e745c32d38b74fe4f1b3',16,0,0,0,'2013','2014-08-23 01:09:49',NULL),(1663,'/var/www/player/store/8cd3312f7824bea6bdcf97919bd036be.mp3','Crimewave',116,29,1,'8cd3312f7824bea6bdcf97919bd036be',13,0,0,0,'2008','2014-08-23 01:09:49',NULL),(1664,'/var/www/player/store/e9d8fec0acfda8ef30f370447e6c5a0e.mp3','_Arc_',120,40,0,'e9d8fec0acfda8ef30f370447e6c5a0e',4,0,0,0,'2013','2014-08-23 01:09:49',NULL),(1665,'/var/www/player/store/06ff37266e7bf672d28fef10beba2044.mp3','Extra Astronomical',129,51,0,'06ff37266e7bf672d28fef10beba2044',7,0,0,0,'2010','2014-08-23 01:09:49',NULL),(1666,'/var/www/player/store/4ac2fef58196f77d662a97c336410870.mp3','Cannonball (Earthquake)',189,125,0,'4ac2fef58196f77d662a97c336410870',33,0,0,0,NULL,'2014-08-23 01:09:50',NULL),(1667,'/var/www/player/store/ee2f3d4fd76ea8d760ed8c3bd44059d2.mp3','Best Face',11,15,0,'ee2f3d4fd76ea8d760ed8c3bd44059d2',7,0,0,0,'2008','2014-08-23 01:09:50',NULL),(1668,'/var/www/player/store/b0b7f7474cb9f479d59f55c21f2f8150.mp3','Smooth Sailing',125,45,0,'b0b7f7474cb9f479d59f55c21f2f8150',7,0,0,0,'2013','2014-08-23 01:09:50',NULL),(1669,'/var/www/player/store/34820bcb7d4ae42f0019df5e220c763b.mp3','Ion Square',7,32,2,'34820bcb7d4ae42f0019df5e220c763b',15,0,0,0,'2008','2014-08-23 01:09:50',NULL),(1670,'/var/www/player/store/3e4e62f2e0e88da96a256cb6f4f037af.mp3','I Love You Too, Death',78,37,1,'3e4e62f2e0e88da96a256cb6f4f037af',17,0,0,0,'2013','2014-08-23 01:09:51',NULL),(1671,'/var/www/player/store/2c9d8ca22b92e07aaa1a55e0b574979a.mp3','No Diggity',194,0,3,'2c9d8ca22b92e07aaa1a55e0b574979a',49,0,4,0,'-','2014-08-23 01:09:51',NULL),(1672,'/var/www/player/store/5eba88b6c12d89a71f8e0b6d0fe86919.mp3','Favorite Song (ft. Childish Gambino)',115,28,1,'5eba88b6c12d89a71f8e0b6d0fe86919',12,0,0,0,'2013','2014-08-23 01:09:52',NULL),(1673,'/var/www/player/store/69999d616e341bb66cfc91acd94b0e78.mp3','Million Voices',90,27,0,'69999d616e341bb66cfc91acd94b0e78',10,0,0,0,'2013','2014-08-23 01:09:53',NULL),(1674,'/var/www/player/store/5e7efb443e5aa78db9d43909600ad589.mp3','1 Threw 8 (prod. Black Diamond) (DatPiff Exclusive)',4,4,0,'5e7efb443e5aa78db9d43909600ad589',3,0,0,0,NULL,'2014-08-23 01:09:55',NULL),(1675,'/var/www/player/store/fd9d975d7888e9459b2297939a341723.mp3','Lies',89,27,1,'fd9d975d7888e9459b2297939a341723',10,0,0,0,'2013','2014-08-23 01:09:56',NULL),(1676,'/var/www/player/store/0e1dd6efbe4047ed85cba7e35f9a3ea2.mp3','Late Night',13,17,0,'0e1dd6efbe4047ed85cba7e35f9a3ea2',8,0,0,0,'2013','2014-08-23 01:09:56',NULL),(1677,'/var/www/player/store/b8f093f726e69efe39af8e11dfc85428.mp3','The Killing',80,27,0,'b8f093f726e69efe39af8e11dfc85428',10,0,0,0,'2013','2014-08-23 01:09:58',NULL),(1678,'/var/www/player/store/22ef0b39dc26aa41b77fd31081d2f687.mp3','Pilot Jones',121,41,0,'22ef0b39dc26aa41b77fd31081d2f687',16,0,0,0,'2012','2014-08-23 01:09:58',NULL),(1679,'/var/www/player/store/9e1150ee154bdadb7038556b24eed567.mp3','Gin and Milk',11,14,0,'9e1150ee154bdadb7038556b24eed567',5,0,0,0,'2006','2014-08-23 01:09:58',NULL),(1680,'/var/www/player/store/17adea3bcd5f15cdea3c0849a753d94e.mp3','Leaf Skeleton (Bonus Track)',7,10,1,'17adea3bcd5f15cdea3c0849a753d94e',4,0,0,0,'2012','2014-08-23 01:09:58',NULL),(1681,'/var/www/player/store/a38d155e2e5177f818f5da78947fff53.mp3','505',128,73,1,'a38d155e2e5177f818f5da78947fff53',0,0,0,0,'2007','2014-08-23 01:09:59',NULL),(1682,'/var/www/player/store/ec629b36a059510e581e6f9789302a58.mp3','Innocence',130,59,0,'ec629b36a059510e581e6f9789302a58',26,0,0,0,'2010','2014-08-23 01:09:59',NULL),(1683,'/var/www/player/store/15d641a786c2ec8da9358b08823ddf73.mp3','Red Lips (Original Mix)',178,125,0,'15d641a786c2ec8da9358b08823ddf73',38,0,0,0,'2013','2014-08-23 01:09:59',NULL),(1684,'/var/www/player/store/8b7b26c03e16b7dcf4893c244ad2d3d8.mp3','The Mourning After (prod. Two Fresh) (DatPiff Exclusive)',4,4,0,'8b7b26c03e16b7dcf4893c244ad2d3d8',3,0,0,0,NULL,'2014-08-23 01:10:01',NULL),(1685,'/var/www/player/store/8f9f73f8a53892db4046c035c3b29882.mp3','Not A Saint',91,27,0,'8f9f73f8a53892db4046c035c3b29882',10,0,0,0,'2013','2014-08-23 01:10:02',NULL),(1686,'/var/www/player/store/666081dcf23c0cb9f5312c6d9fa2544e.mp3','Animals (Original Mix)',126,46,0,'666081dcf23c0cb9f5312c6d9fa2544e',0,0,0,0,NULL,'2014-08-23 01:10:03',NULL),(1687,'/var/www/player/store/ad1929ee819a8e382522d0411a42942c.mp3','Trio',102,27,1,'ad1929ee819a8e382522d0411a42942c',10,0,0,0,'2013','2014-08-23 01:10:04',NULL),(1688,'/var/www/player/store/3970204769e41f8b0283d245c70dd476.mp3','London Bridge',5,5,0,'3970204769e41f8b0283d245c70dd476',0,0,0,0,NULL,'2014-08-23 01:10:05',NULL),(1689,'/var/www/player/store/7c15ad60730613a15343c4e048da93e2.mp3','Pieces of What',78,31,0,'7c15ad60730613a15343c4e048da93e2',8,0,0,0,'2007','2014-08-23 01:10:05',NULL),(1690,'/var/www/player/store/9ac191ee30f3dc2d21eb6bce5c682796.mp3','On My Way',93,27,2,'9ac191ee30f3dc2d21eb6bce5c682796',10,0,0,0,'2013','2014-08-23 01:10:06',NULL),(1691,'/var/www/player/store/96f38022f656cee1ca33b106bd134c35.mp3','Jingle Bell Rock',142,68,1,'96f38022f656cee1ca33b106bd134c35',16,0,0,0,'2010','2014-08-23 01:10:06',NULL),(1692,'/var/www/player/store/c5d97d22fce6d6105a2d3cc27f45a3af.mp3','Reload',88,27,0,'c5d97d22fce6d6105a2d3cc27f45a3af',10,0,0,0,'2013','2014-08-23 01:10:07',NULL),(1693,'/var/www/player/store/e4650d7cc2ae2b337aaf5bde2248f82a.mp3','Blood On My Shoes',11,15,0,'e4650d7cc2ae2b337aaf5bde2248f82a',7,0,0,0,'2008','2014-08-23 01:10:07',NULL),(1694,'/var/www/player/store/8e51d096c35efa8dbcd92092f95ac567.mp3','Yee',138,83,0,'8e51d096c35efa8dbcd92092f95ac567',0,0,0,0,'2014','2014-08-23 01:10:08',NULL),(1695,'/var/www/player/store/0e5c5de6e5756c70ddb9c024adc7f882.mp3','Cough Cough',120,40,0,'0e5c5de6e5756c70ddb9c024adc7f882',4,0,0,0,'2013','2014-08-23 01:10:09',NULL),(1696,'/var/www/player/store/10cfaf11abf5d5c9d3c9663e0193c397.mp3','Awful Sound (Oh Eurydice)',12,16,1,'10cfaf11abf5d5c9d3c9663e0193c397',4,0,2,0,'2013','2014-08-23 01:10:10',NULL),(1697,'/var/www/player/store/d0c891c4d624508997089a8181acf412.mp3','Missed the Boat',6,125,0,'d0c891c4d624508997089a8181acf412',49,0,0,0,'-','2014-08-23 01:10:10',NULL),(1698,'/var/www/player/store/9972a524904aa83addb339782cf43759.mp3','I Sat By The Ocean',125,45,0,'9972a524904aa83addb339782cf43759',7,0,0,0,'2013','2014-08-23 01:10:11',NULL),(1699,'/var/www/player/store/763c5135e65e9df7ad42c6ff075b0866.mp3',NULL,9,12,1,'763c5135e65e9df7ad42c6ff075b0866',0,0,0,0,'2013','2014-08-23 01:10:11',NULL),(1700,'/var/www/player/store/8fe12e5c109762a7eb58d0c6dacc4abf.mp3','Neighborhood #3 (Power Out)',12,38,3,'8fe12e5c109762a7eb58d0c6dacc4abf',18,0,2,0,'2004','2014-08-23 01:10:11',NULL),(1701,'/var/www/player/store/3a6d5aebcddce734cf2f4a259b4640a0.mp3','Unspoiled Perfection',153,84,0,'3a6d5aebcddce734cf2f4a259b4640a0',39,0,0,0,'2014','2014-08-23 01:10:12',NULL),(1702,'/var/www/player/store/414547f8baac451f23b0dd9901ad7933.mp3','If I Had A Tail',125,45,0,'414547f8baac451f23b0dd9901ad7933',7,0,0,0,'2013','2014-08-23 01:10:12',NULL),(1703,'/var/www/player/store/c55d24a87aa33623e031e971ef8736fc.mp3','Someone\'s Missing',78,26,0,'c55d24a87aa33623e031e971ef8736fc',8,0,0,0,'2010','2014-08-23 01:10:13',NULL),(1704,'/var/www/player/store/3a58220e3d0563c0cc7feac8a4a88e0d.mp3','MY KZ, UR BF',120,36,0,'3a58220e3d0563c0cc7feac8a4a88e0d',0,0,0,0,'2010','2014-08-23 01:10:13',NULL),(1705,'/var/www/player/store/4416c1ee785db273e4fdb592ba127cec.mp3','Where We Belong',77,25,0,'4416c1ee785db273e4fdb592ba127cec',5,0,0,0,'2012','2014-08-23 01:10:13',NULL),(1706,'/var/www/player/store/9df64d0bfe9566074df5fb4cb04e691b.mp3','Crack Rock',121,41,0,'9df64d0bfe9566074df5fb4cb04e691b',16,0,0,0,'2012','2014-08-23 01:10:14',NULL),(1707,'/var/www/player/store/45729c253f7a13fc2b411115a2cff53d.mp3','Not Just Money',121,41,0,'45729c253f7a13fc2b411115a2cff53d',16,0,0,0,'2012','2014-08-23 01:10:14',NULL),(1708,'/var/www/player/store/111934d6e65e2b579bd85e7c2281527d.mp3','Promises',130,0,0,'111934d6e65e2b579bd85e7c2281527d',0,0,0,0,NULL,'2014-08-23 01:10:14',NULL),(1709,'/var/www/player/store/e1ad82d244ab678904e63866ca5063ff.mp3','Cupid',119,50,0,'e1ad82d244ab678904e63866ca5063ff',16,0,0,0,'2013','2014-08-23 01:10:14',NULL),(1710,'/var/www/player/store/d5aafe0fa18f7f2d3cfba949844ed75f.mp3','Blind',119,50,0,'d5aafe0fa18f7f2d3cfba949844ed75f',16,0,0,0,'2013','2014-08-23 01:10:14',NULL),(1711,'/var/www/player/store/bcf1ae724581acec704da946cf0b57f9.mp3','Somebody To Die For',119,50,0,'bcf1ae724581acec704da946cf0b57f9',16,0,0,0,'2013','2014-08-23 01:10:15',NULL),(1712,'/var/www/player/store/d64cb268c1a2525f39b923cb3dfb4302.mp3','Genesis',132,102,0,'d64cb268c1a2525f39b923cb3dfb4302',14,0,0,0,NULL,'2014-08-23 01:10:15',NULL),(1713,'/var/www/player/store/ffc1f05ad1b8896fb17591f10e35d494.mp3','Here Comes the Night Time',12,16,3,'ffc1f05ad1b8896fb17591f10e35d494',0,0,0,0,'2013','2014-08-23 01:10:16',NULL),(1714,'/var/www/player/store/c7ec19d8831e4d70396a94a59db04ad0.mp3','Moon',13,17,0,'c7ec19d8831e4d70396a94a59db04ad0',8,0,0,0,'2013','2014-08-23 01:10:17',NULL),(1715,'/var/www/player/store/a89dfb40c3695567f4869a6f3411669e.mp3','Leave the Engine Room',120,36,0,'a89dfb40c3695567f4869a6f3411669e',0,0,0,0,'2010','2014-08-23 01:10:17',NULL),(1716,'/var/www/player/store/0039f1969cfe7b189ee76fcdb680897e.mp3','The Question (feat. Lil Wayne) (prod. Wally West & ID Labs) (DatPiff Exclusive)',4,4,0,'0039f1969cfe7b189ee76fcdb680897e',3,0,0,0,NULL,'2014-08-23 01:10:19',NULL),(1717,'/var/www/player/store/33016969fff8167ad509527da4372294.mp3','Fireside',128,49,1,'33016969fff8167ad509527da4372294',7,0,0,0,'2013','2014-08-23 01:10:19',NULL),(1718,'/var/www/player/store/4b900b445d8cca5546d36aaec65615e8.mp3','Start',121,41,1,'4b900b445d8cca5546d36aaec65615e8',16,0,0,0,'2012','2014-08-23 01:10:19',NULL),(1719,'/var/www/player/store/9d789813eb06150ed0d645deeaaafd73.mp3','Exile',119,50,0,'9d789813eb06150ed0d645deeaaafd73',16,0,0,0,'2013','2014-08-23 01:10:19',NULL),(1720,'/var/www/player/store/9cee1b12d8f0d63b918abbe34f393293.mp3','Undrowned',120,40,0,'9cee1b12d8f0d63b918abbe34f393293',4,0,0,0,'2013','2014-08-23 01:10:20',NULL),(1721,'/var/www/player/store/844133765629b80d79ed24a393a99aff.mp3','I Need Your Love',157,125,1,'844133765629b80d79ed24a393a99aff',41,0,0,0,'2013','2014-08-23 01:10:21',NULL),(1722,'/var/www/player/store/c14766bb14e73d58f9365c328356ee2f.mp3','Thoughts From A Balcony (prod. Sap) (DatPiff Exclusive)',4,4,0,'c14766bb14e73d58f9365c328356ee2f',3,0,0,0,NULL,'2014-08-23 01:10:22',NULL),(1723,'/var/www/player/store/735cf84dd4fb4f7d9c9502da4745431a.mp3','Smoke Again (ft. Ab-Soul)',115,28,1,'735cf84dd4fb4f7d9c9502da4745431a',12,0,0,0,'2013','2014-08-23 01:10:23',NULL),(1724,'/var/www/player/store/154bbe593dcf585d431a2b627471d965.mp3','The North',11,15,1,'154bbe593dcf585d431a2b627471d965',7,0,0,0,'2008','2014-08-23 01:10:23',NULL),(1725,'/var/www/player/store/b70a6ba8707ceac7df1504549add67cd.mp3','Shot Me Down',224,125,1,'b70a6ba8707ceac7df1504549add67cd',49,0,0,0,'-','2014-08-23 01:10:23','SOASZVS143F03B9066'),(1726,'/var/www/player/store/9048c80810be2037d5992138547b598b.mp3','Cypherspeed',129,51,0,'9048c80810be2037d5992138547b598b',7,0,0,0,'2010','2014-08-23 01:10:24',NULL),(1727,'/var/www/player/store/bc23a77e68cafa951c025fd48d7463dd.mp3','Yee',138,125,0,'bc23a77e68cafa951c025fd48d7463dd',49,0,0,0,'-','2014-08-23 01:10:24',NULL),(1728,'/var/www/player/store/7ed319e3760e7d871fec9c74d52c0a15.mp3','Take Me Home',165,125,1,'7ed319e3760e7d871fec9c74d52c0a15',49,0,0,0,'2013','2014-08-23 01:10:24',NULL),(1729,'/var/www/player/store/b6d5f44b88984c8aa9cbfbf4c7cf31bf.mp3','Fuck \'Em All (prod. ID Labs) (DatPiff Exclusive)',4,4,0,'b6d5f44b88984c8aa9cbfbf4c7cf31bf',3,0,0,0,NULL,'2014-08-23 01:10:25',NULL),(1730,'/var/www/player/store/65475ea5ccaf9cdee9b310ee7426da69.mp3','Arabella',128,49,1,'65475ea5ccaf9cdee9b310ee7426da69',7,0,0,0,'2013','2014-08-23 01:10:26',NULL),(1731,'/var/www/player/store/61930c9de16d63d73447354b350b305a.mp3','It\'s Never Over (Oh Orpheus)',12,16,2,'61930c9de16d63d73447354b350b305a',4,0,0,0,'2013','2014-08-23 01:10:27',NULL),(1732,'/var/www/player/store/f1481fd7eb054d679a146328e2d2bc89.mp3','Cry Like a Ghost',77,25,0,'f1481fd7eb054d679a146328e2d2bc89',5,0,0,0,'2012','2014-08-23 01:10:28',NULL),(1733,'/var/www/player/store/275391a180ab982cb047b7fe5fcdcb5b.mp3','Echoes',129,51,0,'275391a180ab982cb047b7fe5fcdcb5b',7,0,0,0,'2010','2014-08-23 01:10:28',NULL),(1734,'/var/www/player/store/2288b76c14a3e574d59eeebd4f87886a.mp3','Years',107,27,5,'2288b76c14a3e574d59eeebd4f87886a',10,0,0,0,'2013','2014-08-23 01:10:29',NULL),(1735,'/var/www/player/store/ec86dca9b84131f8c7ed0202b91dfb70.mp3','Counting Clouds',144,70,0,'ec86dca9b84131f8c7ed0202b91dfb70',0,0,0,0,NULL,'2014-08-23 01:10:29',NULL),(1736,'/var/www/player/store/c0d992d6920d1471a47e1d5879882866.mp3','Thinkin Bout You',121,41,0,'c0d992d6920d1471a47e1d5879882866',16,0,0,0,'2012','2014-08-23 01:10:29',NULL),(1737,'/var/www/player/store/b87891dbc091a9806abda095f3416d34.mp3','An Orphan of Fortune',78,37,0,'b87891dbc091a9806abda095f3416d34',17,0,0,0,'2013','2014-08-23 01:10:30',NULL),(1738,'/var/www/player/store/516891de13dae5c57e6547ce47d07f00.mp3','Baptism',116,30,1,'516891de13dae5c57e6547ce47d07f00',14,0,0,0,'2010','2014-08-23 01:10:30',NULL),(1739,'/var/www/player/store/e810e8ab499e65567dd456f2dfb48af5.mp3','Silver Lining',119,35,0,'e810e8ab499e65567dd456f2dfb48af5',16,0,0,0,'2010','2014-08-23 01:10:30',NULL),(1740,'/var/www/player/store/98e613676d64b136186be95468262bfc.mp3','Neighborhood #1 (Tunnels)',12,38,1,'98e613676d64b136186be95468262bfc',18,0,0,0,'2004','2014-08-23 01:10:30',NULL),(1741,'/var/www/player/store/4282ea0fa816ae979616ab0762f7e887.mp3','Photoshop Handsome',120,36,0,'4282ea0fa816ae979616ab0762f7e887',0,0,0,0,'2010','2014-08-23 01:10:30',NULL),(1742,'/var/www/player/store/e1af295ce541127567e2c679b2186bc7.mp3','Guilt',130,125,0,'e1af295ce541127567e2c679b2186bc7',10,0,0,0,'2011','2014-08-23 01:10:31',NULL),(1743,'/var/www/player/store/7dcb739219102001ded7ebe0053483df.mp3','White Noise',111,27,0,'7dcb739219102001ded7ebe0053483df',10,0,0,0,'2013','2014-08-23 01:10:32',NULL),(1744,'/var/www/player/store/757588a1835620ebc04fc4b9fdba1ae9.mp3','Lucky Ass Bitch (feat. Juicy J) (prod. Lex Luger) (DatPiff Exclusive)',4,4,0,'757588a1835620ebc04fc4b9fdba1ae9',3,0,0,0,NULL,'2014-08-23 01:10:34',NULL),(1745,'/var/www/player/store/a8957f48f74b0608bd78866a670bb5c7.mp3','Why\'d You Only Call Me When You\'re High?',128,49,1,'a8957f48f74b0608bd78866a670bb5c7',7,0,0,0,'2013','2014-08-23 01:10:34',NULL),(1746,'/var/www/player/store/b89552e45bcfee9ae46a4396323ff52c.mp3','Black Cadillacs',6,7,0,'b89552e45bcfee9ae46a4396323ff52c',0,0,0,0,NULL,'2014-08-23 01:10:37',NULL),(1747,'/var/www/player/store/11877deae725237aaef97f0eb6a34e50.mp3','Internet Friends',106,27,1,'11877deae725237aaef97f0eb6a34e50',10,0,0,0,'2013','2014-08-23 01:10:39',NULL),(1748,'/var/www/player/store/1a306ad72941bfb87fa001404bf4cfac.mp3','Providence',13,17,0,'1a306ad72941bfb87fa001404bf4cfac',8,0,0,0,'2013','2014-08-23 01:10:39',NULL),(1749,'/var/www/player/store/de0cda1fc578f6d9d22c98703313fece.mp3','Introspection (Faine Jade cover)',78,37,0,'de0cda1fc578f6d9d22c98703313fece',17,0,0,0,'2013','2014-08-23 01:10:39',NULL),(1750,'/var/www/player/store/e53a0acd99d46a347a47c0dbbd314875.mp3','In The Backseat',12,38,1,'e53a0acd99d46a347a47c0dbbd314875',18,0,0,0,'2004','2014-08-23 01:10:40',NULL),(1751,'/var/www/player/store/83dbd9883c5862217deb80d44bf6d301.mp3','Une Année Sans Lumiere',12,38,2,'83dbd9883c5862217deb80d44bf6d301',18,0,0,0,'2004','2014-08-23 01:10:40',NULL),(1752,'/var/www/player/store/88defb83b3fa5a99a3b2e6c6841fb928.mp3','The Peaks',120,40,0,'88defb83b3fa5a99a3b2e6c6841fb928',4,0,0,0,'2013','2014-08-23 01:10:41',NULL),(1753,'/var/www/player/store/90dc8a8b4b0b78c3775c9d49a81ceeee.mp3','Weights',120,36,0,'90dc8a8b4b0b78c3775c9d49a81ceeee',0,0,0,0,'2010','2014-08-23 01:10:41',NULL),(1754,'/var/www/player/store/73df1d0d357e9fcb9e35a4cd7fc46dbe.mp3','Pyramids',121,41,0,'73df1d0d357e9fcb9e35a4cd7fc46dbe',16,0,0,0,'2012','2014-08-23 01:10:41',NULL),(1755,'/var/www/player/store/39e050361dafe70aae120d9afab25aaa.mp3','Devotion',119,35,0,'39e050361dafe70aae120d9afab25aaa',16,0,0,0,'2010','2014-08-23 01:10:42',NULL),(1756,'/var/www/player/store/f16d8d74f0f11bece1893cb445d07452.mp3','Resurrection',101,27,0,'f16d8d74f0f11bece1893cb445d07452',10,0,0,0,'2013','2014-08-23 01:10:43',NULL),(1757,'/var/www/player/store/8dc90ca0162e245e0d2de159a1723c5c.mp3','You Make Me',10,78,1,'8dc90ca0162e245e0d2de159a1723c5c',10,0,0,0,'2013','2014-08-23 01:10:43',NULL),(1758,'/var/www/player/store/135e3f62583f9b2cb216c9a2fa4852a3.mp3','Black Panther',116,29,1,'135e3f62583f9b2cb216c9a2fa4852a3',13,0,0,0,'2008','2014-08-23 01:10:43',NULL),(1759,'/var/www/player/store/0d54eb273f81d025d37f5bd45dac71de.mp3','Illuminated',119,35,0,'0d54eb273f81d025d37f5bd45dac71de',16,0,0,0,'2010','2014-08-23 01:10:43',NULL),(1760,'/var/www/player/store/f1dac6aad8ed61f47365d139fecd2af6.mp3','Make Light',77,39,0,'f1dac6aad8ed61f47365d139fecd2af6',19,0,0,0,'2009','2014-08-23 01:10:44',NULL),(1761,'/var/www/player/store/2e8041599a2d27d77e18558ad570e21a.mp3','Two for Nero',120,36,0,'2e8041599a2d27d77e18558ad570e21a',0,0,0,0,'2010','2014-08-23 01:10:44',NULL),(1762,'/var/www/player/store/3fda847f2dcdcec957fb34c78c096255.mp3','BURMA',11,14,0,'3fda847f2dcdcec957fb34c78c096255',6,0,0,0,'2006','2014-08-23 01:10:44',NULL),(1763,'/var/www/player/store/8db48cca7d42c28b71c177717527c3b4.mp3','Constant Conversations',77,25,0,'8db48cca7d42c28b71c177717527c3b4',5,0,0,0,'2012','2014-08-23 01:10:45',NULL),(1764,'/var/www/player/store/d8b55ab9509f1c33c47af1e61cb1c23c.mp3','Thinking About You (feat. Ayah Marar)',14,56,2,'d8b55ab9509f1c33c47af1e61cb1c23c',10,0,0,0,'2012-10','2014-08-23 01:10:45',NULL),(1765,'/var/www/player/store/262fe8b6a5d92c9f1809285a3587b1fe.mp3','Of Moons, Birds & Monsters',78,31,0,'262fe8b6a5d92c9f1809285a3587b1fe',8,0,0,0,'2007','2014-08-23 01:10:45',NULL),(1766,'/var/www/player/store/09a824dfc17b80cee2d948009890eeab.mp3','Blue Slide Park',4,6,0,'09a824dfc17b80cee2d948009890eeab',0,0,0,0,NULL,'2014-08-23 01:10:47',NULL),(1767,'/var/www/player/store/e4133cde80e665d97b2d5feb3ce171b3.mp3','The Enemy',11,14,0,'e4133cde80e665d97b2d5feb3ce171b3',5,0,0,0,'2006','2014-08-23 01:10:47',NULL),(1768,'/var/www/player/store/9d2e7cae31702789263310a0508fbe9c.mp3','Let\'s Go (feat. Ne-Yo)',14,125,1,'9d2e7cae31702789263310a0508fbe9c',10,0,0,0,'-','2014-08-23 01:10:47',NULL),(1769,'/var/www/player/store/127e9f076d257932817ae90779b0459b.mp3','To Kingdom Come',77,39,0,'127e9f076d257932817ae90779b0459b',13,0,0,0,'2009','2014-08-23 01:10:50',NULL),(1770,'/var/www/player/store/13385af2d45d09add9dc361574b1b415.mp3','Plenty of Girls in the Sea',78,37,0,'13385af2d45d09add9dc361574b1b415',17,0,0,0,'2013','2014-08-23 01:10:50',NULL),(1771,'/var/www/player/store/603ef3ad4e21cf908e97ab84a49a40bf.mp3','Mystery Disease',78,37,0,'603ef3ad4e21cf908e97ab84a49a40bf',17,0,0,0,'2013','2014-08-23 01:10:51',NULL),(1772,'/var/www/player/store/021392b0ad0a8923d158e42e5edde5d4.mp3','Joan of Arc',12,16,1,'021392b0ad0a8923d158e42e5edde5d4',0,0,0,0,'2013','2014-08-23 01:10:52',NULL),(1773,'/var/www/player/store/f67122fd530941c18d8b38c320e60cff.mp3','So He Begins to Lie',7,10,1,'f67122fd530941c18d8b38c320e60cff',4,0,0,0,'2012','2014-08-23 01:10:53',NULL),(1774,'/var/www/player/store/c41a2790de34c967017944c11824da4f.mp3','Stay',119,35,0,'c41a2790de34c967017944c11824da4f',16,0,0,0,'2010','2014-08-23 01:10:53',NULL),(1775,'/var/www/player/store/326fe3823501e6bae0f3c905acdb54ae.mp3','Ashes',122,42,0,'326fe3823501e6bae0f3c905acdb54ae',20,0,0,0,'2004','2014-08-23 01:10:53',NULL),(1776,'/var/www/player/store/e079b6152cb6b7f153de377687564a21.mp3','I Want It All',128,49,1,'e079b6152cb6b7f153de377687564a21',7,0,0,0,'2013','2014-08-23 01:10:53',NULL),(1777,'/var/www/player/store/108319c32e807efc46d6bf5ed494a403.mp3','You Already Know',12,16,1,'108319c32e807efc46d6bf5ed494a403',0,0,0,0,'2013','2014-08-23 01:10:55',NULL),(1778,'/var/www/player/store/1f6e02f39641bf01222eddea49a9b1bf.mp3','Guilty Filthy Soul',182,118,1,'1f6e02f39641bf01222eddea49a9b1bf',7,0,0,0,NULL,'2014-08-23 01:10:56',NULL),(1779,'/var/www/player/store/d950a87df623160ee262c8fa362e7822.mp3','Super Rich Kids (feat. Earl Sweatshirt)',121,41,0,'d950a87df623160ee262c8fa362e7822',16,0,0,0,'2012','2014-08-23 01:10:56',NULL),(1780,'/var/www/player/store/e1f7fd171ca069315d5bf061377d0076.mp3','traffic',152,114,0,'e1f7fd171ca069315d5bf061377d0076',40,0,0,0,'2003','2014-08-23 01:10:56',NULL),(1781,'/var/www/player/store/14d3a7dfcf89ea35bddf6601c6b5199f.mp3','Clarity (prod. ID Labs & Ritz Reynolds) (DatPiff Exclusive)',4,4,0,'14d3a7dfcf89ea35bddf6601c6b5199f',3,0,0,0,NULL,'2014-08-23 01:10:58',NULL),(1782,'/var/www/player/store/7f62ed596ab7071de4e3dc7c1c81f2dc.mp3','Missed The Boat',6,8,5,'7f62ed596ab7071de4e3dc7c1c81f2dc',49,0,0,0,'-','2014-08-23 01:10:58',NULL),(1783,'/var/www/player/store/b7f91a1896d05cdf50c2a709c0bdb55e.mp3','Work [explicit]',95,27,0,'b7f91a1896d05cdf50c2a709c0bdb55e',10,0,0,0,'2013','2014-08-23 01:10:59',NULL),(1784,'/var/www/player/store/2f7f57c451eee02135a4cf36f0df9b6c.mp3','Truth Begins',11,15,0,'2f7f57c451eee02135a4cf36f0df9b6c',7,0,0,0,'2008','2014-08-23 01:10:59',NULL),(1785,'/var/www/player/store/7de058f48e921648501506219a37ae57.mp3','Moths Wings',77,39,0,'7de058f48e921648501506219a37ae57',13,0,0,0,'2009','2014-08-23 01:11:00',NULL),(1786,'/var/www/player/store/cdcfba11e0a631f377e0bd75b8d9d356.mp3','Buzzards & Crows',11,15,0,'cdcfba11e0a631f377e0bd75b8d9d356',7,0,0,0,'2008','2014-08-23 01:11:00',NULL),(1787,'/var/www/player/store/f2fa54cf284d093f412efe7a7e230abb.mp3','Biko',7,32,1,'f2fa54cf284d093f412efe7a7e230abb',15,0,0,0,'2008','2014-08-23 01:11:00',NULL),(1788,'/var/www/player/store/4118f6f959c2b38ae52da79237379a61.mp3','Bad Habit',13,17,0,'4118f6f959c2b38ae52da79237379a61',8,0,0,0,'2013','2014-08-23 01:11:00',NULL),(1789,'/var/www/player/store/d6cf5eaaf46240471df30267166149eb.mp3','Chinese Dogs',11,15,0,'d6cf5eaaf46240471df30267166149eb',7,0,0,0,'2008','2014-08-23 01:11:00',NULL),(1790,'/var/www/player/store/a65f026056b36f292f6fb4fe17b45c79.mp3','M.O.N.E.Y',3,3,0,'a65f026056b36f292f6fb4fe17b45c79',2,0,0,0,'2013','2014-08-23 01:11:01',NULL),(1791,'/var/www/player/store/f0ae5e39b093e3ae8e06d4f0f9e3c1ef.mp3','Mean (Bonus Track)',7,10,1,'f0ae5e39b093e3ae8e06d4f0f9e3c1ef',4,0,0,0,'2012','2014-08-23 01:11:01',NULL),(1792,'/var/www/player/store/4e3e5cb9bce5d9c25abb391276caf2ec.mp3','Cool Song No. 2',78,37,0,'4e3e5cb9bce5d9c25abb391276caf2ec',17,0,0,0,'2013','2014-08-23 01:11:02',NULL),(1793,'/var/www/player/store/55cfeb723be4d0147cb4ea476f95921a.mp3','Cut Your Teeth (Kygo Remix)',188,125,0,'55cfeb723be4d0147cb4ea476f95921a',49,0,0,0,'2014','2014-08-23 01:11:03',NULL),(1794,'/var/www/player/store/09369df32bfcd69a6759f59656ef73bf.mp3','Fade Into Darkness',10,146,1,'09369df32bfcd69a6759f59656ef73bf',0,0,0,0,NULL,'2014-08-23 01:11:03',NULL),(1795,'/var/www/player/store/287469f28907ce98c11e816790cf2fb8.mp3','Wondering',11,14,0,'287469f28907ce98c11e816790cf2fb8',5,0,0,0,'2006','2014-08-23 01:11:03',NULL),(1796,'/var/www/player/store/48a4ff4128e624d9e6662bcca6ae60c2.mp3','Ghosts N Stuff',82,27,0,'48a4ff4128e624d9e6662bcca6ae60c2',10,0,0,0,'2013','2014-08-23 01:11:04',NULL),(1797,'/var/www/player/store/d7b7a2f600fdad2c9a1663ec660e8278.mp3','Summertime',184,119,0,'d7b7a2f600fdad2c9a1663ec660e8278',25,0,0,0,'2012','2014-08-23 01:11:05',NULL),(1798,'/var/www/player/store/8bdb1a3fd79824b3a4be22c35d14cb08.mp3','Under Control',14,19,1,'8bdb1a3fd79824b3a4be22c35d14cb08',0,0,0,0,NULL,'2014-08-23 01:11:05',NULL),(1799,'/var/www/player/store/99077a3ed7b3c5e4feabb18bb88877a5.mp3','Real Talk',7,10,1,'99077a3ed7b3c5e4feabb18bb88877a5',4,0,0,0,'2012','2014-08-23 01:11:06',NULL),(1800,'/var/www/player/store/91d0b109581dbfef1a9e22c4e7d5d924.mp3','Flash Delirium',78,26,0,'91d0b109581dbfef1a9e22c4e7d5d924',8,0,0,0,'2010','2014-08-23 01:11:07',NULL),(1801,'/var/www/player/store/30a3113edbd6ce6e16db6a5073cc7a44.mp3','One More Time (Club Mix)',123,43,0,'30a3113edbd6ce6e16db6a5073cc7a44',21,0,0,0,NULL,'2014-08-23 01:11:07',NULL),(1802,'/var/www/player/store/04871b82f7ca110f04d7edd2c1b3d5be.mp3','Forgot About Dre',185,120,0,'04871b82f7ca110f04d7edd2c1b3d5be',46,0,0,0,'2000','2014-08-23 01:11:07',NULL),(1803,'/var/www/player/store/775b365408e1eeeb0b46062872122642.mp3','Emily\'s Heart',118,34,0,'775b365408e1eeeb0b46062872122642',8,0,0,0,'2009','2014-08-23 01:11:07',NULL),(1804,'/var/www/player/store/3638c7f09807d06b8547127bac7efef4.mp3','Sunlight (feat. Iman Omari) (prod. Teddy Roxpin) (DatPiff Exclusive)',4,4,0,'3638c7f09807d06b8547127bac7efef4',3,0,0,0,NULL,'2014-08-23 01:11:09',NULL),(1805,'/var/www/player/store/3c9b49f8e9f85d35466d12cc8614ffbb.mp3','The Way You Are',92,27,0,'3c9b49f8e9f85d35466d12cc8614ffbb',10,0,0,0,'2013','2014-08-23 01:11:11',NULL),(1806,'/var/www/player/store/355f1cd489f7f0924d4a4d53fd2635b9.mp3','Lasso',127,47,0,'355f1cd489f7f0924d4a4d53fd2635b9',2,0,0,0,'2009','2014-08-23 01:11:11',NULL),(1807,'/var/www/player/store/bde638e21b680af1e1485deb22c4a7ab.mp3','Spider\'s Web',118,34,0,'bde638e21b680af1e1485deb22c4a7ab',8,0,0,0,'2009','2014-08-23 01:11:11',NULL),(1808,'/var/www/player/store/5cd56f23107a7d697e9d68ee925ce4a3.mp3','Wake Me Up',10,13,1,'5cd56f23107a7d697e9d68ee925ce4a3',0,0,0,0,NULL,'2014-08-23 01:11:12',NULL),(1809,'/var/www/player/store/0efe7a92e41cbbc44061d9e76607bd1a.mp3','I Appear Missing',125,45,0,'0efe7a92e41cbbc44061d9e76607bd1a',7,0,0,0,'2013','2014-08-23 01:11:12',NULL),(1810,'/var/www/player/store/4c1c7ccfb043651d91faacc425d63792.mp3','Song for Dan Treacy',78,26,0,'4c1c7ccfb043651d91faacc425d63792',8,0,0,0,'2010','2014-08-23 01:11:13',NULL),(1811,'/var/www/player/store/61bd8e7441d40a566973ad4991d2496a.mp3','The Crow',119,50,0,'61bd8e7441d40a566973ad4991d2496a',16,0,0,0,'2013','2014-08-23 01:11:13',NULL),(1812,'/var/www/player/store/924b83bf28d828a50e085e5ecba0d7cc.mp3','Silhouettes',10,125,1,'924b83bf28d828a50e085e5ecba0d7cc',26,0,5,0,NULL,'2014-08-23 01:11:13',NULL),(1813,'/var/www/player/store/eeb048042d8021a633e12d49d840b0a0.mp3','Deorro & J-Trick feat. Treyy G - Booty Bounce (Original Mix)',180,0,0,'eeb048042d8021a633e12d49d840b0a0',0,0,0,0,'2012','2014-08-23 01:11:14',NULL),(1814,'/var/www/player/store/b9d87d2a2bb5098824ccf4186cd3317f.mp3','Icarus',109,27,0,'b9d87d2a2bb5098824ccf4186cd3317f',10,0,0,0,'2013','2014-08-23 01:11:15',NULL),(1815,'/var/www/player/store/5feee1e32a57486b31da7bb23ef751ef.mp3','Come Closer',11,15,0,'5feee1e32a57486b31da7bb23ef751ef',7,0,0,0,'2008','2014-08-23 01:11:15',NULL),(1816,'/var/www/player/store/79009a21ce2f8381c40057a05bbae349.mp3','One Month Off',7,32,1,'79009a21ce2f8381c40057a05bbae349',15,0,0,0,'2008','2014-08-23 01:11:15',NULL),(1817,'/var/www/player/store/397dcfe40bc52985e790daf6b0bf25a3.mp3','Magic Spells',116,29,0,'397dcfe40bc52985e790daf6b0bf25a3',13,0,0,0,'2008','2014-08-23 01:11:15',NULL),(1818,'/var/www/player/store/0de58d3e191cc3ae04382e26a69b3b0c.mp3','Near Life',122,42,0,'0de58d3e191cc3ae04382e26a69b3b0c',20,0,0,0,'2004','2014-08-23 01:11:15',NULL),(1819,'/var/www/player/store/019907aaa55d3d23a0e4492898efc520.mp3','Sex',3,3,0,'019907aaa55d3d23a0e4492898efc520',2,0,0,0,'2013-08','2014-08-23 01:11:15',NULL),(1820,'/var/www/player/store/b7a9826aaeef6916d6dde8279c0e0af8.mp3','Duet',120,40,0,'b7a9826aaeef6916d6dde8279c0e0af8',4,0,0,0,'2013','2014-08-23 01:11:16',NULL),(1821,'/var/www/player/store/830ae1ad4b926aba5973c4badb91ea9a.mp3','Fertilizer',121,41,0,'830ae1ad4b926aba5973c4badb91ea9a',16,0,0,0,'2012','2014-08-23 01:11:16',NULL),(1822,'/var/www/player/store/ee6256b661e178769e28643a987fcf14.mp3','Coke Diet',194,125,4,'ee6256b661e178769e28643a987fcf14',49,0,0,0,'-','2014-08-23 01:11:16',NULL),(1823,'/var/www/player/store/871c40f8408e11e0ce4c03e651876d20.mp3','Truth',7,10,1,'871c40f8408e11e0ce4c03e651876d20',4,0,0,0,'2012','2014-08-23 01:11:17',NULL),(1824,'/var/www/player/store/09b979541eb55a96aeb3eb6bbc2ef989.mp3','Is There Somebody Who Can Watch You',3,3,0,'09b979541eb55a96aeb3eb6bbc2ef989',2,0,0,0,'2013','2014-08-23 01:11:17',NULL),(1825,'/var/www/player/store/eb4fe5b01c8684923e384ef66a231673.mp3','Time to Pretend',78,31,0,'eb4fe5b01c8684923e384ef66a231673',8,0,0,0,'2007','2014-08-23 01:11:17',NULL),(1826,'/var/www/player/store/9e83b293a7401d90fcc7057e210ccdae.mp3','Just In Love',210,125,0,'9e83b293a7401d90fcc7057e210ccdae',49,0,0,0,'-','2014-08-23 01:11:18',NULL),(1827,'/var/www/player/store/163cfb0398fd4a7cc6ca1b2047146032.mp3','The Gentry Cove',11,14,0,'163cfb0398fd4a7cc6ca1b2047146032',5,0,0,0,'2006','2014-08-23 01:11:18',NULL),(1828,'/var/www/player/store/219ca3af21a9e58f346e3a7737180975.mp3','Blood, Tears & Gold',119,35,0,'219ca3af21a9e58f346e3a7737180975',16,0,0,0,'2010','2014-08-23 01:11:18',NULL),(1829,'/var/www/player/store/f6072ed3b353ca989834b50258cac7cd.mp3','Interlude (That\'s Love)',115,28,1,'f6072ed3b353ca989834b50258cac7cd',12,0,0,0,'2013','2014-08-23 01:11:19',NULL),(1830,'/var/www/player/store/726fea44a616b72b7f2b4b135543bf3d.mp3','Porno',12,16,1,'726fea44a616b72b7f2b4b135543bf3d',4,0,0,0,'2013','2014-08-23 01:11:20',NULL),(1831,'/var/www/player/store/5f003d78b81f040de05e78baf4c81c3a.mp3','Howl At The Moon (Original Mix)',191,123,1,'5f003d78b81f040de05e78baf4c81c3a',34,0,0,0,'2014','2014-08-23 01:11:20',NULL),(1832,'/var/www/player/store/00a872e4bb111761d9cab30ff7639451.mp3','NRG',201,125,0,'00a872e4bb111761d9cab30ff7639451',49,0,0,0,'-','2014-08-23 01:11:21',NULL),(1833,'/var/www/player/store/7f605f94695698f791f80e4df465db91.mp3','Addicted To You',10,13,1,'7f605f94695698f791f80e4df465db91',26,0,0,0,'2013','2014-08-23 01:11:21',NULL),(1834,'/var/www/player/store/2f17dabeb15bd67555dadf8ee6c84c2b.mp3','Donald Trump[Explicit]',4,9,0,'2f17dabeb15bd67555dadf8ee6c84c2b',0,0,0,0,NULL,'2014-08-23 01:11:22',NULL),(1835,'/var/www/player/store/202d28bf989885d9cd274592d2db9932.mp3','Pompeii',79,27,1,'202d28bf989885d9cd274592d2db9932',10,0,0,0,'2013','2014-08-23 01:11:23',NULL),(1836,'/var/www/player/store/cf01c3ddf832a0e9a60ab8cca2f2f61d.mp3','I Could Be The One [avicii Vs Nicky Romero]',10,27,1,'cf01c3ddf832a0e9a60ab8cca2f2f61d',10,0,0,0,'2013','2014-08-23 01:11:24',NULL),(1837,'/var/www/player/store/836d654d7077616fbb0349dc69f8232d.mp3','The Man\'s Machine',118,34,0,'836d654d7077616fbb0349dc69f8232d',8,0,0,0,'2009','2014-08-23 01:11:25',NULL),(1838,'/var/www/player/store/8028ebe6d4336d89be04b02e90dde83c.mp3','ID (Levels) (Original Mix)',150,125,1,'8028ebe6d4336d89be04b02e90dde83c',38,0,0,0,'2011','2014-08-23 01:11:25',NULL),(1839,'/var/www/player/store/932edc504dd8e41d6d022b66e5720a2c.mp3','Settle Down',3,3,0,'932edc504dd8e41d6d022b66e5720a2c',2,0,0,0,'2013','2014-08-23 01:11:25',NULL),(1840,'/var/www/player/store/6ceb738cb0b53d9902a8d4e1c5881129.mp3','Surfing The Void',129,51,0,'6ceb738cb0b53d9902a8d4e1c5881129',7,0,0,0,'2010','2014-08-23 01:11:25',NULL),(1841,'/var/www/player/store/bd05912b3801bb2060c3f247a4349260.mp3','Good Ass Intro (ft. BJ The Chicago Kid, Lili K., Kiara Lanier, Peter Cottontale, Will for the O\'mys, & JP Floydd for Kids These Days)',115,28,1,'bd05912b3801bb2060c3f247a4349260',12,0,0,0,'2013','2014-08-23 01:11:26',NULL),(1842,'/var/www/player/store/126995f20400c502d2d75d2afe9ab4fc.mp3','Carried Away',77,25,0,'126995f20400c502d2d75d2afe9ab4fc',5,0,0,0,'2012','2014-08-23 01:11:26',NULL),(1843,'/var/www/player/store/5ab904132da4861e01d819d09b200b95.mp3','Radiant',120,40,0,'5ab904132da4861e01d819d09b200b95',4,0,0,0,'2013','2014-08-23 01:11:27',NULL),(1844,'/var/www/player/store/e5ab6070fb6529155c55e2431ffefc53.mp3','Need U (100%)',85,27,0,'e5ab6070fb6529155c55e2431ffefc53',10,0,0,0,'2013','2014-08-23 01:11:28',NULL),(1845,'/var/www/player/store/96499f59d0618fc4a7a39d5d5795fe00.mp3','Suffragette Suffragette',120,36,0,'96499f59d0618fc4a7a39d5d5795fe00',0,0,0,0,'2010','2014-08-23 01:11:28',NULL),(1846,'/var/www/player/store/3966ba8f67ce7173505bb7d508baa33c.mp3','Loud (prod. ID Labs) (DatPiff Exclusive)',4,4,0,'3966ba8f67ce7173505bb7d508baa33c',3,0,0,0,NULL,'2014-08-23 01:11:30',NULL),(1847,'/var/www/player/store/c46aa622d97280ebe7848ec6ea985ab1.mp3','Seaweed Song',77,39,0,'c46aa622d97280ebe7848ec6ea985ab1',13,0,0,0,'2009','2014-08-23 01:11:32',NULL),(1848,'/var/www/player/store/50b9ea91b7cab63a3a75c5056dc0b022.mp3','Crown Of Love',12,38,1,'50b9ea91b7cab63a3a75c5056dc0b022',18,0,0,0,'2004','2014-08-23 01:11:33',NULL),(1849,'/var/www/player/store/a7e8b969ba21e6f737d3d55e4cdac321.mp3','Blood Thirsty Bastards',11,14,0,'a7e8b969ba21e6f737d3d55e4cdac321',5,0,0,0,'2006','2014-08-23 01:11:33',NULL),(1850,'/var/www/player/store/ed9c46df3cad49a920337c3a06057deb.mp3','Legalize the Premier',147,0,1,'ed9c46df3cad49a920337c3a06057deb',0,0,0,0,NULL,'2014-08-23 01:11:33',NULL),(1851,'/var/www/player/store/c2dc36459eb62f485116fcc2aa4f18e6.mp3','Protocol Radio 062',94,125,0,'c2dc36459eb62f485116fcc2aa4f18e6',26,0,0,0,'2013','2014-08-23 01:11:33',NULL),(1852,'/var/www/player/store/6b1c9e311dfdd13f5612184765bfd3df.mp3','Levels',10,27,1,'6b1c9e311dfdd13f5612184765bfd3df',10,0,0,0,'2013','2014-08-23 01:11:34',NULL),(1853,'/var/www/player/store/c888ae42273acd7335c50a194cdc2257.mp3','Vanished',116,29,0,'c888ae42273acd7335c50a194cdc2257',13,0,0,0,'2008','2014-08-23 01:11:34',NULL),(1854,'/var/www/player/store/61d52f3fea2c54938b6237aa4a376735.mp3','It\'s Working',78,26,0,'61d52f3fea2c54938b6237aa4a376735',8,0,0,0,'2010','2014-08-23 01:11:35',NULL),(1855,'/var/www/player/store/b01a47c666f626d88817cfc952eb24a7.mp3','Future Memories',129,51,0,'b01a47c666f626d88817cfc952eb24a7',7,0,0,0,'2010','2014-08-23 01:11:35',NULL),(1856,'/var/www/player/store/e40fb892a20f989df65d57b0d8cfa744.mp3','America (feat. Casey Veggies & Joey Bada32505) (prod. Hannibal King) (DatPiff Exclusive)',4,4,0,'e40fb892a20f989df65d57b0d8cfa744',3,0,0,0,NULL,'2014-08-23 01:11:37',NULL),(1857,'/var/www/player/store/ee879d53414e5246db9cb359c6aee2cf.mp3','Melbourne Bounce (Deorro Remix) [feat. Big Nab]',225,152,0,'ee879d53414e5246db9cb359c6aee2cf',0,0,0,0,NULL,'2014-08-23 01:11:37','SOHVZMU1406ADBEB94'),(1858,'/var/www/player/store/be53d7f5b14607578e6296e2ceefdea4.mp3','Run On Love (Radio Edit)',164,125,2,'be53d7f5b14607578e6296e2ceefdea4',49,0,0,0,'-','2014-08-23 01:11:37',NULL),(1859,'/var/www/player/store/85a45e49a046bd23b13d8f28a843efa0.mp3','Beat Down',98,27,0,'85a45e49a046bd23b13d8f28a843efa0',10,0,0,0,'2013','2014-08-23 01:11:38',NULL),(1860,'/var/www/player/store/f53546af6ac3715eac50db9f74d9d7e8.mp3','Torso Of The Week',120,40,0,'f53546af6ac3715eac50db9f74d9d7e8',4,0,0,0,'2013','2014-08-23 01:11:39',NULL),(1861,'/var/www/player/store/994f013d17bc80b52fe7eb5d85c109a5.mp3','Out of Mind',160,125,1,'994f013d17bc80b52fe7eb5d85c109a5',49,0,0,0,'-','2014-08-23 01:11:39',NULL),(1862,'/var/www/player/store/c811bb8d14ccd1b735673e037d549f47.mp3','My Number',13,17,0,'c811bb8d14ccd1b735673e037d549f47',8,0,0,0,'2013','2014-08-23 01:11:40',NULL),(1863,'/var/www/player/store/797191f2345bd0629cf2f920ed6dfaf6.mp3','Wake Up',12,38,1,'797191f2345bd0629cf2f920ed6dfaf6',18,0,0,0,'2004','2014-08-23 01:11:40',NULL),(1864,'/var/www/player/store/c1a3147f957c5b169a129bb8c943619e.mp3','NaNa (ft. Action Bronson)',115,28,1,'c1a3147f957c5b169a129bb8c943619e',12,0,0,0,'2013','2014-08-23 01:11:41',NULL),(1865,'/var/www/player/store/194a1762f7127fa3cd8638a7e6320b3d.mp3','The Same Space',129,51,0,'194a1762f7127fa3cd8638a7e6320b3d',7,0,0,0,'2010','2014-08-23 01:11:41',NULL),(1866,'/var/www/player/store/8f072e390e6714e078a2cc264615019d.mp3','Right Here',168,125,0,'8f072e390e6714e078a2cc264615019d',49,0,0,0,'2014','2014-08-23 01:11:41',NULL),(1867,'/var/www/player/store/fb1eef5fde78ec3ecc32f9de3f190309.mp3','Hippy\'s Son',11,15,0,'fb1eef5fde78ec3ecc32f9de3f190309',7,0,0,0,'2008','2014-08-23 01:11:41',NULL),(1868,'/var/www/player/store/8f8797d2d861f0f044db7b2535692195.mp3','Love the Way You Lie (DJ Scooter Remix)',202,125,1,'8f8797d2d861f0f044db7b2535692195',49,0,0,0,'-','2014-08-23 01:11:41',NULL),(1869,'/var/www/player/store/566688dce33fc05e5181cd5cf233674e.mp3','British Intelligence',118,34,0,'566688dce33fc05e5181cd5cf233674e',8,0,0,0,'2009','2014-08-23 01:11:42',NULL),(1870,'/var/www/player/store/8aa3afb7b2f57d4321dcee450d9d0e8c.mp3','Hey Brother',10,125,1,'8aa3afb7b2f57d4321dcee450d9d0e8c',49,0,0,0,'-','2014-08-23 01:11:42',NULL),(1871,'/var/www/player/store/133e8c9adfe77c34065627f1d1532508.mp3','This is Dirty (Original Mix)',148,76,0,'133e8c9adfe77c34065627f1d1532508',32,0,0,0,'2014','2014-08-23 01:11:43',NULL),(1872,'/var/www/player/store/98ee8cdad355a90083d11d8d83921af4.mp3','Fairweather Friends',125,45,0,'98ee8cdad355a90083d11d8d83921af4',7,0,0,0,'2013','2014-08-23 01:11:43',NULL),(1873,'/var/www/player/store/3c29fd3ed3ce93880fe3c28fb06b606e.mp3','Vengo Dalla Luna',147,74,1,'3c29fd3ed3ce93880fe3c28fb06b606e',3,0,0,0,NULL,'2014-08-23 01:11:44',NULL),(1874,'/var/www/player/store/b3d5b5f406aac946eabb498b6a308f0d.mp3','My God Is The Sun',125,45,0,'b3d5b5f406aac946eabb498b6a308f0d',7,0,0,0,'2013','2014-08-23 01:11:44',NULL),(1875,'/var/www/player/store/9689578c43cd18f957ca87502503c40c.mp3','Amnesia',99,27,0,'9689578c43cd18f957ca87502503c40c',10,0,0,0,'2013','2014-08-23 01:11:45',NULL),(1876,'/var/www/player/store/a20d40b80f8a2a2a5638a91c6ec3e49d.mp3','Chain Smoker',115,28,1,'a20d40b80f8a2a2a5638a91c6ec3e49d',12,0,0,0,'2013','2014-08-23 01:11:46',NULL),(1877,'/var/www/player/store/a849374e024d33beecaedd7df37daad6.mp3','The Handshake',78,31,1,'a849374e024d33beecaedd7df37daad6',8,0,0,0,'2007','2014-08-23 01:11:46',NULL),(1878,'/var/www/player/store/22bedbef9a3c2a4c3cdbe5bd09a4cbf5.mp3','Jubel',203,125,0,'22bedbef9a3c2a4c3cdbe5bd09a4cbf5',49,0,0,0,'-','2014-08-23 01:11:46',NULL),(1879,'/var/www/player/store/5d06cbb0088f91495e742666a7335711.mp3','Into The Past',130,54,0,'5d06cbb0088f91495e742666a7335711',23,0,0,0,'2013','2014-08-23 01:11:47',NULL),(1880,'/var/www/player/store/44f423e51673f25a884022f19c72016a.mp3','Last of the Small Town Playboys',11,14,0,'44f423e51673f25a884022f19c72016a',5,0,0,0,'2006','2014-08-23 01:11:47',NULL),(1881,'/var/www/player/store/223a9694d56565d80c8b59b529312736.mp3','Last Dance (Radio Rip)',10,125,1,'223a9694d56565d80c8b59b529312736',49,0,0,0,'-','2014-08-23 01:11:47',NULL),(1882,'/var/www/player/store/0a3fcaee461c3606a4dd10ae497bda3f.mp3','Beautiful People',174,125,1,'0a3fcaee461c3606a4dd10ae497bda3f',49,0,0,0,'2011','2014-08-23 01:11:47',NULL),(1883,'/var/www/player/store/0d4baa997b86ab878cb99b99112d69f3.mp3','Around The World',123,11,0,'0d4baa997b86ab878cb99b99112d69f3',0,0,0,0,NULL,'2014-08-23 01:11:47',NULL),(1884,'/var/www/player/store/68e528f375aceb17744464d946210a5d.mp3','Bootie in Your Face',138,155,0,'68e528f375aceb17744464d946210a5d',32,0,0,0,'2013','2014-08-23 01:11:53','SOVLEQU14490C7B26B'),(1885,'/var/www/player/store/50ab2a3428b73102612bf9f85f59045a.mp3','Blur - Under the Westway',137,66,1,'50ab2a3428b73102612bf9f85f59045a',49,0,0,0,'-','2014-08-23 01:11:53',NULL),(1886,'/var/www/player/store/a8ea555a8c99b7895214a9fedd8b434a.mp3','Love Me As I Have Loved You (prod. Ritz Reynolds) (DatPiff Exclusive)',4,4,0,'a8ea555a8c99b7895214a9fedd8b434a',3,0,0,0,NULL,'2014-08-23 01:11:55',NULL),(1887,'/var/www/player/store/9c51a3610e42e3130e394efa6af198f9.mp3','Brian Eno',78,26,0,'9c51a3610e42e3130e394efa6af198f9',8,0,0,0,'2010','2014-08-23 01:11:55',NULL),(1888,'/var/www/player/store/64f8e9973b65c3f6e4ca06a944e5efd1.mp3','Everything\'s Good (Good Ass Outro)',115,28,1,'64f8e9973b65c3f6e4ca06a944e5efd1',12,0,0,0,'2013','2014-08-23 01:11:56',NULL),(1889,'/var/www/player/store/4af60769f49f08d9d3b553c0cce2f869.mp3','The World at Large',6,125,0,'4af60769f49f08d9d3b553c0cce2f869',49,0,0,0,'-','2014-08-23 01:11:56',NULL),(1890,'/var/www/player/store/333a8d45e23de997741bb8ae408b3cdf.mp3','Must Be The Feeling',130,100,0,'333a8d45e23de997741bb8ae408b3cdf',24,0,0,0,'2011','2014-08-23 01:11:56',NULL),(1891,'/var/www/player/store/926ec68c529ad31594b948eb00150fc2.mp3','The Reeling',77,39,0,'926ec68c529ad31594b948eb00150fc2',13,0,0,0,'2009','2014-08-23 01:11:57',NULL),(1892,'/var/www/player/store/a931f6638215ad67a9275578a22f8d6a.mp3','4th Dimensional Transition',78,31,0,'a931f6638215ad67a9275578a22f8d6a',8,0,0,0,'2007','2014-08-23 01:11:57',NULL),(1893,'/var/www/player/store/7e60e804ca106d8c2a1bb8af893c1dcd.mp3','Chaka Demus',118,34,0,'7e60e804ca106d8c2a1bb8af893c1dcd',8,0,0,0,'2009','2014-08-23 01:11:58',NULL),(1894,'/var/www/player/store/9ec6a23ecbf00f8b3caff7ddaa4ed27b.mp3','So Young So High',84,27,2,'9ec6a23ecbf00f8b3caff7ddaa4ed27b',10,0,0,0,'2013','2014-08-23 01:11:59',NULL),(1895,'/var/www/player/store/486e7fd0609f20950f53a67e065ed88d.mp3','Gangnam Style (?????) [explicit]',112,27,0,'486e7fd0609f20950f53a67e065ed88d',10,0,0,0,'2013','2014-08-23 01:12:00',NULL),(1896,'/var/www/player/store/b50d7536b186821999df4b1aaf41d8f7.mp3','Habits (Stay High)',160,93,1,'b50d7536b186821999df4b1aaf41d8f7',49,0,5,0,'-','2014-08-23 01:12:00',NULL),(1897,'/var/www/player/store/a653e08b30fe96699dcbe4a574f94971.mp3','Doctors and Dealers',11,14,0,'a653e08b30fe96699dcbe4a574f94971',5,0,0,0,'2006','2014-08-23 01:12:00',NULL),(1898,'/var/www/player/store/dce18cd65218e1de82eb45b78d77b1ed.mp3','An Encounter',3,3,1,'dce18cd65218e1de82eb45b78d77b1ed',2,0,0,0,'2013','2014-08-23 01:12:01',NULL),(1899,'/var/www/player/store/1c177ca38cbb4ce1faca01887c01a7f4.mp3','Day Four',7,10,1,'1c177ca38cbb4ce1faca01887c01a7f4',4,0,0,0,'2012','2014-08-23 01:12:01',NULL),(1900,'/var/www/player/store/e16b1438014127b77fc5194f6d327d78.mp3','Folds In Your Hands',77,39,0,'e16b1438014127b77fc5194f6d327d78',13,0,0,0,'2009','2014-08-23 01:12:02',NULL),(1901,'/var/www/player/store/a4ef0e6b05d879325e7e62fac831ac25.mp3','Stress (Nero Remix)',132,125,0,'a4ef0e6b05d879325e7e62fac831ac25',24,0,0,0,'2010','2014-08-23 01:12:02',NULL),(1902,'/var/www/player/store/a9e91ead5f1e4adb27a46a5756eddafc.mp3','Love will tear us apart',76,24,0,'a9e91ead5f1e4adb27a46a5756eddafc',11,0,0,0,'1980','2014-08-23 01:12:02',NULL),(1903,'/var/www/player/store/f491cc3b5c2bdd2c2d3b0f84fc37c8cd.mp3','Medication',125,48,0,'f491cc3b5c2bdd2c2d3b0f84fc37c8cd',7,0,0,0,'2005','2014-08-23 01:12:02',NULL),(1904,'/var/www/player/store/c265f4f2a5dd44ecfbf90b72d5daf1e9.mp3','G.I.P.S.Y',208,125,0,'c265f4f2a5dd44ecfbf90b72d5daf1e9',49,0,0,0,'2013','2014-08-23 01:12:02',NULL),(1905,'/var/www/player/store/1c3c46d5d05afd7b7ea51edc446a0794.mp3',NULL,9,12,1,'1c3c46d5d05afd7b7ea51edc446a0794',0,0,0,0,'2013','2014-08-23 01:12:03',NULL),(1906,'/var/www/player/store/1d82f92dc7f01c09d3f941554129d813.mp3','Hideaway',77,25,0,'1d82f92dc7f01c09d3f941554129d813',5,0,0,0,'2012','2014-08-23 01:12:03',NULL),(1907,'/var/www/player/store/bd1cebe3dfdece4785d35d7822ba0715.mp3','Halo',7,32,1,'bd1cebe3dfdece4785d35d7822ba0715',15,0,0,0,'2008','2014-08-23 01:12:03',NULL),(1908,'/var/www/player/store/3f390302d30e09c2766df99818c28515.mp3','Schoolin\'',120,36,0,'3f390302d30e09c2766df99818c28515',0,0,0,0,'2010','2014-08-23 01:12:03',NULL),(1909,'/var/www/player/store/ecdb3a7a5b2ec7476ed7b29ca0542a16.mp3','Someday My Prince Will Come [From Snow White & The Seven Dwarfs]',133,58,0,'ecdb3a7a5b2ec7476ed7b29ca0542a16',25,0,0,0,'1962','2014-08-23 01:12:03',NULL),(1910,'/var/www/player/store/22e3d686ae004293fd9323442bea7584.mp3','Eyes As Candles',77,39,0,'22e3d686ae004293fd9323442bea7584',13,0,0,0,'2009','2014-08-23 01:12:04',NULL),(1911,'/var/www/player/store/5535964a1261790192d7cfe7abad8241.mp3','Fuori dal tunnel',147,74,1,'5535964a1261790192d7cfe7abad8241',36,0,0,0,NULL,'2014-08-23 01:12:04',NULL),(1912,'/var/www/player/store/053e7519b3beabb0bf16b6e78d08b409.mp3','Team A',7,10,1,'053e7519b3beabb0bf16b6e78d08b409',4,0,0,0,'2012','2014-08-23 01:12:05',NULL),(1913,'/var/www/player/store/50b888ccd3e412bbebfdbda273c4e220.mp3','Gravity',122,42,0,'50b888ccd3e412bbebfdbda273c4e220',20,0,0,0,'2004','2014-08-23 01:12:05',NULL),(1914,'/var/www/player/store/0f17718a5fda7a8a7d8045977ea0baf0.mp3','Kings and Queens',162,95,0,'0f17718a5fda7a8a7d8045977ea0baf0',16,0,0,0,'2012','2014-08-23 01:12:05',NULL),(1915,'/var/www/player/store/1ecf645595dfa09283141b4a54e4c541.mp3','Fences',127,47,0,'1ecf645595dfa09283141b4a54e4c541',2,0,0,0,'2009','2014-08-23 01:12:05',NULL),(1916,'/var/www/player/store/e77a023e3f9f731ad26aaa8227269f3e.mp3','Mad Sounds',128,49,2,'e77a023e3f9f731ad26aaa8227269f3e',7,0,0,0,'2013','2014-08-23 01:12:05',NULL),(1917,'/var/www/player/store/9c1ffb779c954d2bcd6e2013fd9db0bb.mp3','Miracle',119,50,0,'9c1ffb779c954d2bcd6e2013fd9db0bb',16,0,0,0,'2013','2014-08-23 01:12:05',NULL),(1918,'/var/www/player/store/5946cdf64bc678a7bef9cf706926e01d.mp3','The House Is Dust',120,40,0,'5946cdf64bc678a7bef9cf706926e01d',4,0,0,0,'2013','2014-08-23 01:12:06',NULL),(1919,'/var/www/player/store/0948ae84a8799b3aea31fc0f32175b01.mp3','NASA Is on Your Side',120,36,0,'0948ae84a8799b3aea31fc0f32175b01',0,0,0,0,'2010','2014-08-23 01:12:06',NULL),(1920,'/var/www/player/store/f8290bfe6e1fcdb62b2848c1054eb3e2.mp3','The Youth',78,31,0,'f8290bfe6e1fcdb62b2848c1054eb3e2',8,0,0,0,'2007','2014-08-23 01:12:06',NULL),(1921,'/var/www/player/store/516bc916d0a23420bbf8a88b15690fba.mp3','Knee Socks',128,49,3,'516bc916d0a23420bbf8a88b15690fba',7,0,0,0,'2013','2014-08-23 01:12:06',NULL),(1922,'/var/www/player/store/37f972a9daefe431baa581277d2f65fc.mp3','Queef (Original Mix)',183,125,0,'37f972a9daefe431baa581277d2f65fc',49,0,0,0,'-','2014-08-23 01:12:07',NULL),(1923,'/var/www/player/store/6b401cd0b2abd677706095dff0e3062f.mp3','Desperado (prod. ID Labs) (DatPiff Exclusive)',4,4,0,'6b401cd0b2abd677706095dff0e3062f',3,0,0,0,NULL,'2014-08-23 01:12:08',NULL),(1924,'/var/www/player/store/f5a1285b474953cc75d9b484ccb886ec.mp3','Hocus Pocus',118,34,0,'f5a1285b474953cc75d9b484ccb886ec',8,0,0,0,'2009','2014-08-23 01:12:09',NULL),(1925,'/var/www/player/store/babb196136188fbbdf51c54e97ac0b5e.mp3','Wonderful Life',119,35,0,'babb196136188fbbdf51c54e97ac0b5e',16,0,0,0,'2010','2014-08-23 01:12:09',NULL),(1926,'/var/www/player/store/89613f4eb9c9127ee0f9f189a0be41eb.mp3','Do I Wanna Know?',128,49,1,'89613f4eb9c9127ee0f9f189a0be41eb',7,0,0,0,'2013','2014-08-23 01:12:09',NULL),(1927,'/var/www/player/store/7a600b03afb4b9b9327e3aa7363fec64.mp3','Your Life Is a Lie',78,37,0,'7a600b03afb4b9b9327e3aa7363fec64',17,0,0,0,'2013','2014-08-23 01:12:10',NULL),(1928,'/var/www/player/store/c83f6b74fa0f184d85cbc8e5369e626e.mp3','Wake Me Up',10,90,1,'c83f6b74fa0f184d85cbc8e5369e626e',10,0,0,0,'2013','2014-08-23 01:12:10',NULL),(1929,'/var/www/player/store/da4d4de2a29dd7a0090b17a4018748ef.mp3','Pressure',3,3,0,'da4d4de2a29dd7a0090b17a4018748ef',2,0,0,0,'2013','2014-08-23 01:12:10',NULL),(1930,'/var/www/player/store/a82f516d709d49e528ca3f94f1adc889.mp3','Waves (Roter & Lewis Edit)',192,0,0,'a82f516d709d49e528ca3f94f1adc889',26,0,0,0,NULL,'2014-08-23 01:12:10',NULL),(1931,'/var/www/player/store/9c13b6a3d7e5bb31dd89aa6e99f27efc.mp3','Spell It Out',122,42,0,'9c13b6a3d7e5bb31dd89aa6e99f27efc',20,0,0,0,'2004','2014-08-23 01:12:10',NULL),(1932,'/var/www/player/store/de0ffb2958bf5c7507f6c47fd8f75f22.mp3','The 1975',3,3,0,'de0ffb2958bf5c7507f6c47fd8f75f22',2,0,0,0,'2013','2014-08-23 01:12:11',NULL),(1933,'/var/www/player/store/deb4ad264fc02370ca37ab1ab6e85ff4.mp3','Tin (The Manhole)',120,36,1,'deb4ad264fc02370ca37ab1ab6e85ff4',0,0,0,0,'2010','2014-08-23 01:12:11',NULL),(1934,'/var/www/player/store/c9e0e4b0af4f25a07c04755d9b6f2244.mp3','Love Is Greed',77,25,0,'c9e0e4b0af4f25a07c04755d9b6f2244',5,0,0,0,'2012','2014-08-23 01:12:11',NULL),(1935,'/var/www/player/store/16c0288221515527f8fdac870d2009ba.mp3','Juice',115,28,1,'16c0288221515527f8fdac870d2009ba',12,0,0,0,'2013','2014-08-23 01:12:12',NULL),(1936,'/var/www/player/store/f065d7560bef85f7b18fb1196c55a90a.mp3','Lady Dada\'s Nightmare',78,26,0,'f065d7560bef85f7b18fb1196c55a90a',8,0,0,0,'2010','2014-08-23 01:12:12',NULL),(1937,'/var/www/player/store/491a73ade8f30c92389b8a420eec71fd.mp3','Float On',6,7,0,'491a73ade8f30c92389b8a420eec71fd',0,0,0,0,NULL,'2014-08-23 01:12:16',NULL),(1938,'/var/www/player/store/6af37c0dba3a2abc3a23cd1ef57359d0.mp3','Out Of Nothing',122,42,0,'6af37c0dba3a2abc3a23cd1ef57359d0',20,0,0,0,'2004','2014-08-23 01:12:16',NULL),(1939,'/var/www/player/store/eb828f7d4cc071a86f984ec9c1d64949.mp3','Feels So Close (Dan Clare Remix)',14,125,1,'eb828f7d4cc071a86f984ec9c1d64949',0,0,0,0,NULL,'2014-08-23 01:12:16',NULL),(1940,'/var/www/player/store/0a9d83d1d918049abbf784988f40abc2.mp3','Water',119,35,0,'0a9d83d1d918049abbf784988f40abc2',16,0,0,0,'2010','2014-08-23 01:12:16',NULL),(1941,'/var/www/player/store/a70579d0ef488700b08a8bf0bb6f0076.mp3','Valley Of The Calm Trees',129,51,0,'a70579d0ef488700b08a8bf0bb6f0076',7,0,0,0,'2010','2014-08-23 01:12:16',NULL),(1942,'/var/www/player/store/1252c071c6fa6e173b4ea0f5a46172a3.mp3','Overtime',166,125,1,'1252c071c6fa6e173b4ea0f5a46172a3',0,0,0,0,'2012','2014-08-23 01:12:19',NULL),(1943,'/var/www/player/store/18542366480bd4798f48fc7757c8e7cb.mp3','We Own The Night (Original Mix)',179,113,0,'18542366480bd4798f48fc7757c8e7cb',26,0,0,0,'2012','2014-08-23 01:12:20',NULL),(1944,'/var/www/player/store/854eca82f99474aa1ed7f4b603aebc22.mp3','We Are Not Good People',7,10,1,'854eca82f99474aa1ed7f4b603aebc22',4,0,0,0,'2012','2014-08-23 01:12:20',NULL),(1945,'/var/www/player/store/54761d6299422c3f6491f49c1dbfdf7f.mp3','Heartlight (Polygon)',83,27,0,'54761d6299422c3f6491f49c1dbfdf7f',10,0,0,0,'2013','2014-08-23 01:12:22',NULL),(1946,'/var/www/player/store/06cd44a39cec587297ca804a4d301561.mp3','Stepson',13,17,0,'06cd44a39cec587297ca804a4d301561',8,0,0,0,'2013','2014-08-23 01:12:22',NULL),(1947,'/var/www/player/store/4c3d7e64f4b00b5d01ade438451e8ff8.mp3','No. 1 Party Anthem',128,49,1,'4c3d7e64f4b00b5d01ade438451e8ff8',7,0,0,0,'2013','2014-08-23 01:12:22',NULL),(1948,'/var/www/player/store/3853e9f416e7c2acefa80572c57f1c1e.mp3','Siberian Breaks',78,26,0,'3853e9f416e7c2acefa80572c57f1c1e',8,0,0,0,'2010','2014-08-23 01:12:24',NULL),(1949,'/var/www/player/store/f3e62c272c88e2f83abee8ddfe113afb.mp3','Ares',7,32,1,'f3e62c272c88e2f83abee8ddfe113afb',15,0,0,0,'2008','2014-08-23 01:12:24',NULL),(1950,'/var/www/player/store/10f9e20ec06752a9c112d96cd4945509.mp3','Tremor',204,125,0,'10f9e20ec06752a9c112d96cd4945509',49,0,0,0,'-','2014-08-23 01:12:24',NULL),(1951,'/var/www/player/store/02ea666efa2325aaf65cd629d97af1fb.mp3','Girls',205,125,0,'02ea666efa2325aaf65cd629d97af1fb',49,0,0,0,'-','2014-08-23 01:12:24',NULL),(1952,'/var/www/player/store/cf7f9a0cce1216a4103fe924283d050f.mp3','Kids',78,31,1,'cf7f9a0cce1216a4103fe924283d050f',8,0,0,0,'2007','2014-08-23 01:12:24',NULL),(1953,'/var/www/player/store/57437e6e68e5869eb57ad5b17ef6143f.mp3','The City',3,3,0,'57437e6e68e5869eb57ad5b17ef6143f',2,0,0,0,'2013-05','2014-08-23 01:12:24',NULL),(1954,'/var/www/player/store/0cf5255bf997d881a2edbc744a726187.mp3','Take a Walk',77,25,0,'0cf5255bf997d881a2edbc744a726187',5,0,0,0,'2012','2014-08-23 01:12:24',NULL),(1955,'/var/www/player/store/b074089020a6e01e52e6a99fee695e51.mp3','Untrust Us',116,29,0,'b074089020a6e01e52e6a99fee695e51',13,0,0,0,'2008','2014-08-23 01:12:25',NULL),(1956,'/var/www/player/store/09fb8de57b566b6d9a4b9984f6107081.mp3','Chocolate',3,3,0,'09fb8de57b566b6d9a4b9984f6107081',2,0,0,0,'2013','2014-08-23 01:12:25',NULL),(1957,'/var/www/player/store/4dedcce87dd51b6e9d5d7e2a1f9e812c.mp3','Tung!',110,27,0,'4dedcce87dd51b6e9d5d7e2a1f9e812c',10,0,0,0,'2013','2014-08-23 01:12:26',NULL),(1958,'/var/www/player/store/3701e0fa9adea8fd8990427ddd12842e.mp3','Bang Bang You\'re Dead',11,14,0,'3701e0fa9adea8fd8990427ddd12842e',5,0,0,0,'2006','2014-08-23 01:12:26',NULL),(1959,'/var/www/player/store/ebfd7b89c59917321708220fff39da44.mp3','She Way Out',3,3,0,'ebfd7b89c59917321708220fff39da44',2,0,0,0,'2013','2014-08-23 01:12:26',NULL),(1960,'/var/www/player/store/afcbf2c45518d66022c88ed8d070e3c3.mp3','Inhaler',13,17,0,'afcbf2c45518d66022c88ed8d070e3c3',8,0,0,0,'2013','2014-08-23 01:12:26',NULL),(1961,'/var/www/player/store/987d9a3630508558e36924a9e3b38f95.mp3','Unspoken',119,35,0,'987d9a3630508558e36924a9e3b38f95',16,0,0,0,'2010','2014-08-23 01:12:27',NULL),(1962,'/var/www/player/store/bd9138c4a3e80506433a80211fc18ac5.mp3','The Road',119,50,0,'bd9138c4a3e80506433a80211fc18ac5',16,0,0,0,'2013','2014-08-23 01:12:27',NULL),(1963,'/var/www/player/store/5b36d7478d1a4cfee7d31e2c18c54b93.mp3','It\'s Over',205,137,0,'5b36d7478d1a4cfee7d31e2c18c54b93',49,0,0,0,'-','2014-08-23 01:12:27',NULL),(1964,'/var/www/player/store/e0574a5ac4f19abb8df1151459c249f7.mp3','Heads Will Roll',81,27,0,'e0574a5ac4f19abb8df1151459c249f7',10,0,0,0,'2013','2014-08-23 01:12:28',NULL),(1965,'/var/www/player/store/c60fc9b9c509b0c3fdda00ab6cb11d79.mp3','Fire It Up',6,8,3,'c60fc9b9c509b0c3fdda00ab6cb11d79',49,0,3,0,'-','2014-08-23 01:12:28',NULL),(1966,'/var/www/player/store/3ef7a28d219a55da7098532db3e0c436.mp3','Lisztomania',127,47,0,'3ef7a28d219a55da7098532db3e0c436',2,0,0,0,'2009','2014-08-23 01:12:28',NULL),(1967,'/var/www/player/store/011a2f94d19a1e9fec9b384954ca65e6.mp3','Flashbulb Eyes',12,16,1,'011a2f94d19a1e9fec9b384954ca65e6',0,0,0,0,'2013','2014-08-23 01:12:30',NULL),(1968,'/var/www/player/store/e8e5ca05a66aaedbc869c7b144f21f5a.mp3','Neighborhood #2 (Laïka)',12,38,1,'e8e5ca05a66aaedbc869c7b144f21f5a',18,0,0,0,'2004','2014-08-23 01:12:30',NULL),(1969,'/var/www/player/store/7f194a70067856de912483897fd85a0f.mp3','Shot Me Down',173,0,1,'7f194a70067856de912483897fd85a0f',0,0,0,0,NULL,'2014-08-23 01:12:30',NULL),(1970,'/var/www/player/store/74a276161bf46141189f9bc88ba0c987.mp3','Mercury',7,32,1,'74a276161bf46141189f9bc88ba0c987',15,0,0,0,'2008','2014-08-23 01:12:31',NULL),(1971,'/var/www/player/store/2355022d5f4aa53217d73bb63e67d954.mp3','Plastik Hearts',11,15,0,'2355022d5f4aa53217d73bb63e67d954',7,0,0,0,'2008','2014-08-23 01:12:31',NULL),(1972,'/var/www/player/store/68ff98f557492dddfd175f56d0f63ecd.mp3','Glorious Day',122,42,0,'68ff98f557492dddfd175f56d0f63ecd',20,0,0,0,'2004','2014-08-23 01:12:31',NULL),(1973,'/var/www/player/store/82476317a8d52ed1a3b576695803ab14.mp3','Weekend Wars',78,31,0,'82476317a8d52ed1a3b576695803ab14',8,0,0,0,'2007','2014-08-23 01:12:31',NULL),(1974,'/var/www/player/store/8b1f38a971d84d86bb2d05c71bd73afa.mp3','Milk & Black Spiders',13,17,0,'8b1f38a971d84d86bb2d05c71bd73afa',8,0,0,0,'2013','2014-08-23 01:12:31',NULL),(1975,'/var/www/player/store/f292143bc82e101783b843efea4b3647.mp3','Keeping',122,42,0,'f292143bc82e101783b843efea4b3647',20,0,0,0,'2004','2014-08-23 01:12:31',NULL),(1976,'/var/www/player/store/4ce504a3bb36209adc859a556d239791.mp3','Supersymmetry',12,16,1,'4ce504a3bb36209adc859a556d239791',4,0,0,0,'2013','2014-08-23 01:12:33',NULL),(1977,'/var/www/player/store/745c7e3e907c9e18a1b684564bde60a5.mp3','Here Comes the Night Time II',12,16,1,'745c7e3e907c9e18a1b684564bde60a5',0,0,0,0,'2013','2014-08-23 01:12:35',NULL),(1978,'/var/www/player/store/05eb5d8c61e391fe9d6e5bd1ba0294d2.mp3','Electric Feel',78,31,0,'05eb5d8c61e391fe9d6e5bd1ba0294d2',8,0,0,0,'2007','2014-08-23 01:12:35',NULL),(1979,'/var/www/player/store/5de4fcd0cdf84a008eb1bb795c939c2d.mp3','Sierra Leone',121,41,0,'5de4fcd0cdf84a008eb1bb795c939c2d',16,0,0,0,'2012','2014-08-23 01:12:35',NULL),(1980,'/var/www/player/store/56bae675f4107122ff97c5f9d62041ba.mp3','Zephyrus',7,32,1,'56bae675f4107122ff97c5f9d62041ba',15,0,0,0,'2008','2014-08-23 01:12:35',NULL),(1981,'/var/www/player/store/f628c94012d4d4a35b7bb86ffa81074e.mp3','Can\'t Stop Me',104,166,15,'f628c94012d4d4a35b7bb86ffa81074e',10,0,4,0,'2013','2014-08-23 01:12:36','SONXKWR137415B453B'),(1982,'/var/www/player/store/bd7d5ce17115fd09056b8e46db1a45c4.mp3','Rihanna - Diamonds',141,108,0,'bd7d5ce17115fd09056b8e46db1a45c4',44,0,0,0,'-','2014-08-23 01:12:37',NULL),(1983,'/var/www/player/store/ac4bbdc79c54ca043ad516c29590b229.mp3','Get Up (Rattle)',97,27,0,'ac4bbdc79c54ca043ad516c29590b229',10,0,0,0,'2013','2014-08-23 01:12:38',NULL),(1984,'/var/www/player/store/4f5b3714973db8882bbc7180390040f6.mp3','One For the Road',128,49,1,'4f5b3714973db8882bbc7180390040f6',7,0,0,0,'2013','2014-08-23 01:12:38',NULL),(1985,'/var/www/player/store/cb282c3b99f28df6504912aad73583ee.mp3','Not In Love',116,30,0,'cb282c3b99f28df6504912aad73583ee',14,0,0,0,'2010','2014-08-23 01:12:38',NULL),(1986,'/var/www/player/store/9945b41c1e682f4e949844f310a4b530.mp3','Earth, Wind & Fire',118,34,0,'9945b41c1e682f4e949844f310a4b530',8,0,0,0,'2009','2014-08-23 01:12:38',NULL),(1987,'/var/www/player/store/d04eaffb44875c8cf18a36df1f0cbac5.mp3','R U Mine?',128,49,1,'d04eaffb44875c8cf18a36df1f0cbac5',7,0,0,0,'2013','2014-08-23 01:12:39',NULL),(1988,'/var/www/player/store/f1a0af3cc99f72a54092299faa02a27d.mp3','Aliens Fighting Robots (feat. Sir Michael Rocks) (prod. Brandun Deshay) (DatPiff Exclusive)',4,4,0,'f1a0af3cc99f72a54092299faa02a27d',3,0,0,0,NULL,'2014-08-23 01:12:40',NULL),(1989,'/var/www/player/store/89c195c3fdfc1104802149e64ea34351.mp3','Storms in Africa',135,63,1,'89c195c3fdfc1104802149e64ea34351',29,0,0,0,'2002','2014-08-23 01:12:40',NULL),(1990,'/var/www/player/store/59922f0976d473682a6ead5f6dfa58bc.mp3','Payback',200,125,0,'59922f0976d473682a6ead5f6dfa58bc',49,0,0,0,'2014','2014-08-23 01:12:41',NULL),(1991,'/var/www/player/store/be019827d550573d1304d488b2c7b102.mp3','Afterlife',12,16,1,'be019827d550573d1304d488b2c7b102',4,0,0,0,'2013','2014-08-23 01:12:42',NULL),(1992,'/var/www/player/store/f3b879a887254cff178043930390b327.mp3','Swimming In the Flood',77,39,0,'f3b879a887254cff178043930390b327',13,0,0,0,'2009','2014-08-23 01:12:43',NULL),(1993,'/var/www/player/store/55764cad7aedd434172563c76e89c2ce.mp3','Pusha Man (ft. Nate Fox & Lili K.)',115,28,1,'55764cad7aedd434172563c76e89c2ce',12,0,0,0,'2013','2014-08-23 01:12:44',NULL),(1994,'/var/www/player/store/bf0d9a269918fd039033da78f5273db6.mp3','Freak (Original Mix)',154,125,0,'bf0d9a269918fd039033da78f5273db6',49,0,0,0,'2014','2014-08-23 01:12:44',NULL),(1995,'/var/www/player/store/74551493126d3d655fb94a9257c464b4.mp3','368',118,34,0,'74551493126d3d655fb94a9257c464b4',8,0,0,0,'2009','2014-08-23 01:12:45',NULL),(1996,'/var/www/player/store/7f87c42861c18f66564fc3de2972e582.mp3','Everybody\'s Something (ft. Saba & BJ The Chicago Kid)',115,28,1,'7f87c42861c18f66564fc3de2972e582',12,0,0,0,'2013','2014-08-23 01:12:46',NULL),(1997,'/var/www/player/store/4dad4bd97199d60cca8f2216c0aa9abe.mp3','Pink Matter (feat. André 3000)',121,41,0,'4dad4bd97199d60cca8f2216c0aa9abe',16,0,0,0,'2012','2014-08-23 01:12:46',NULL),(1999,'/var/www/player/store/b2b2467066e169071653c3f1da815e19.mp3','…Like Clockwork',125,45,2,'b2b2467066e169071653c3f1da815e19',7,0,0,0,'2013','2014-08-23 01:12:46',NULL),(2000,'/var/www/player/store/e9d279b81d6f3e8aa95e949f9086c2b6.mp3','Bad Religion',121,41,1,'e9d279b81d6f3e8aa95e949f9086c2b6',16,0,0,0,'2012','2014-08-23 01:12:46',NULL),(2001,'/var/www/player/store/fcaa1922821d7d1d731585bcd96ec85e.mp3','Kicks Or Consumption',11,15,0,'fcaa1922821d7d1d731585bcd96ec85e',7,0,0,0,'2008','2014-08-23 01:12:46',NULL),(2002,'/var/www/player/store/1772f25c149dfc8c4ddb06011b7b6bad.mp3','Without Me',185,125,0,'1772f25c149dfc8c4ddb06011b7b6bad',49,0,0,0,'-','2014-08-23 01:12:46',NULL),(2003,'/var/www/player/store/bd5325c66ed8d4ed3cdbd80c651027d8.mp3','Rather Be',206,125,0,'bd5325c66ed8d4ed3cdbd80c651027d8',49,0,0,0,'-','2014-08-23 01:12:48',NULL),(2004,'/var/www/player/store/58977cc7b88b08b6463f6e66231c34f4.mp3','You Fucking Love It',11,14,0,'58977cc7b88b08b6463f6e66231c34f4',5,0,0,0,'2006','2014-08-23 01:12:48',NULL),(2005,'/var/www/player/store/acddcbb6dab7872fe52139fa3f181793.mp3','The World At Large',6,7,2,'acddcbb6dab7872fe52139fa3f181793',49,0,1,0,'-','2014-08-23 01:12:48',NULL),(2006,'/var/www/player/store/3719b70a10eb2be66f4ebbc0f786f905.mp3','Jilly Armeen',118,34,0,'3719b70a10eb2be66f4ebbc0f786f905',8,0,0,0,'2009','2014-08-23 01:12:49',NULL),(2007,'/var/www/player/store/6542fa8f6e66e9bb4d11d8434244923e.mp3','Sticks \'N\' Stones',118,34,0,'6542fa8f6e66e9bb4d11d8434244923e',8,0,0,0,'2009','2014-08-23 01:12:49',NULL),(2008,'/var/www/player/store/28d04772c23472f54390a0d2e63a16e1.mp3','Little Sister',125,48,0,'28d04772c23472f54390a0d2e63a16e1',6,0,0,0,'2005','2014-08-23 01:12:49',NULL),(2009,'/var/www/player/store/80b7115844a7c285d5f42771aeccc3dc.mp3','Like A Drum (Mike Rizzo Funk Generation Radio Edit)',187,122,0,'80b7115844a7c285d5f42771aeccc3dc',48,0,0,0,'2014','2014-08-23 01:12:50',NULL),(2010,'/var/www/player/store/ca646aa700c4879b03338f03c7eb3a7c.mp3','Haiti',12,38,1,'ca646aa700c4879b03338f03c7eb3a7c',18,0,0,0,'2004','2014-08-23 01:12:51',NULL),(2011,'/var/www/player/store/bbe31f59ed245f67be718a0a12f6faca.mp3','Mr Brightside',131,53,0,'bbe31f59ed245f67be718a0a12f6faca',6,0,0,0,'2004','2014-08-23 01:12:51',NULL),(2012,'/var/www/player/store/04f62fedd2aa01942af09dc1836084e1.mp3','Acid Rain',115,28,1,'04f62fedd2aa01942af09dc1836084e1',12,0,0,0,'2013','2014-08-23 01:12:52',NULL),(2013,'/var/www/player/store/34b9efbdda904fa4413c9a9f3ce7ae4d.mp3','Monks',121,41,1,'34b9efbdda904fa4413c9a9f3ce7ae4d',16,0,0,0,'2012','2014-08-23 01:12:52',NULL),(2014,'/var/www/player/store/38e2e624479b8fe2b026d85e83e6590d.mp3','On My Way',77,25,0,'38e2e624479b8fe2b026d85e83e6590d',5,0,0,0,'2012','2014-08-23 01:12:52',NULL),(2015,'/var/www/player/store/ad8c71533a46b1d7d7dab1b7b12f20a3.mp3','Cocoa Butter Kisses (ft. Vic Mensa & Twista)',115,28,1,'ad8c71533a46b1d7d7dab1b7b12f20a3',12,0,0,0,'2013','2014-08-23 01:12:53',NULL),(2016,'/var/www/player/store/69bbbb522142a80653ea61b2c3231150.mp3','Fight The Feeling (feat. Kendrick Lamar & Iman Omari) (prod. Iman Omari) (DatPiff Exclusive)',4,4,0,'69bbbb522142a80653ea61b2c3231150',3,0,0,0,NULL,'2014-08-23 01:12:55',NULL),(2017,'/var/www/player/store/022eaaeaf8183486eb1916766eb4866b.mp3','Prelude',13,17,0,'022eaaeaf8183486eb1916766eb4866b',8,0,0,0,'2013','2014-08-23 01:12:55',NULL),(2018,'/var/www/player/store/4cd53b68a65f6fda1bf694c63195bd0d.mp3','I Will Be Here (Jtx Radio Mix',152,82,0,'4cd53b68a65f6fda1bf694c63195bd0d',0,0,0,0,'2009','2014-08-23 01:12:55',NULL),(2019,'/var/www/player/store/b747c03d797fa4d8d94ab9a85531a0e4.mp3','Evelyn',119,35,0,'b747c03d797fa4d8d94ab9a85531a0e4',16,0,0,0,'2010','2014-08-23 01:12:55',NULL),(2020,'/var/www/player/store/d9ed8aea308081946feeae9b691b9bfd.mp3','Two Veils to Hide My Face',77,25,0,'d9ed8aea308081946feeae9b691b9bfd',5,0,0,0,'2012','2014-08-23 01:12:56',NULL),(2021,'/var/www/player/store/813b3b5bf576257fb1feb0288d743ad9.mp3','We Exist',12,16,1,'813b3b5bf576257fb1feb0288d743ad9',0,0,0,0,'2013','2014-08-23 01:12:57',NULL),(2022,'/var/www/player/store/13d625da44dd20fcfd79b2983c6ab849.mp3','Lay Me Down',10,13,2,'13d625da44dd20fcfd79b2983c6ab849',26,0,0,0,'2013','2014-08-23 01:12:58',NULL),(2023,'/var/www/player/store/beb10d50cf621941a00e859cd8803841.mp3','Don\'t Try',120,40,0,'beb10d50cf621941a00e859cd8803841',4,0,0,0,'2013','2014-08-23 01:12:59',NULL),(2024,'/var/www/player/store/636b380bb46f97d4fcb5cfde9f319b52.mp3','Liberate',207,125,0,'636b380bb46f97d4fcb5cfde9f319b52',49,0,0,0,'2014','2014-08-23 01:12:59',NULL),(2025,'/var/www/player/store/e0ded50d41c42cf9d72c317924557b39.mp3','Keep Your Eyes Peeled',125,45,0,'e0ded50d41c42cf9d72c317924557b39',7,0,0,0,'2013','2014-08-23 01:12:59',NULL),(2026,'/var/www/player/store/64fabe2a1addc89ec533bb7900feaa1a.mp3','Ricky Ricardo (Deorro Dirty Remix)',140,125,0,'64fabe2a1addc89ec533bb7900feaa1a',33,0,0,0,NULL,'2014-08-23 01:12:59',NULL),(2027,'/var/www/player/store/c4d4dae114cf15d63987c9b53afa5187.mp3','Bassline Junkie [explicit]',100,27,1,'c4d4dae114cf15d63987c9b53afa5187',10,0,0,0,'2013','2014-08-23 01:13:01',NULL),(2028,'/var/www/player/store/41886d6dcbe495ac307ab2c68c411e96.mp3','The Way You Make Me Feel',130,125,0,'41886d6dcbe495ac307ab2c68c411e96',49,0,0,0,'-','2014-08-23 01:13:01',NULL),(2029,'/var/www/player/store/0d818f6c56bd84e7460f28e6125292f2.mp3','Fire it Up',6,125,1,'0d818f6c56bd84e7460f28e6125292f2',49,0,0,0,'-','2014-08-23 01:13:01',NULL),(2030,'/var/www/player/store/7987bcacd11d209990e1c4519c1395e9.mp3','I Found a Whistle',78,26,1,'7987bcacd11d209990e1c4519c1395e9',8,0,0,0,'2010','2014-08-23 01:13:01',NULL),(2031,'/var/www/player/store/8b570a31f287defbf66793728ed63281.mp3','If You Love a Woman',11,14,0,'8b570a31f287defbf66793728ed63281',5,0,0,0,'2006','2014-08-23 01:13:01',NULL),(2032,'/var/www/player/store/3dccbe3c9d720990a5d62ce53588f1be.mp3','Sweet Life',121,41,0,'3dccbe3c9d720990a5d62ce53588f1be',16,0,0,0,'2012','2014-08-23 01:13:02',NULL),(2033,'/var/www/player/store/04eea5d65a96f6250995251a9ad9f921.mp3','Courtship Dating',116,29,2,'04eea5d65a96f6250995251a9ad9f921',13,0,0,0,'2008','2014-08-23 01:13:02',NULL),(2034,'/var/www/player/store/70e8819247bc37288ed0f9b0bb88cd12.mp3','End',121,41,0,'70e8819247bc37288ed0f9b0bb88cd12',16,0,0,0,'2012','2014-08-23 01:13:02',NULL),(2035,'/var/www/player/store/7aa10687f981d3e86b6a347d0b915c50.mp3','Alien Days',78,37,0,'7aa10687f981d3e86b6a347d0b915c50',17,0,0,0,'2013','2014-08-23 01:13:02',NULL),(2036,'/var/www/player/store/dbd72eeb9a730934d8f522434c7f9a42.mp3','A Good Sadness',78,37,0,'dbd72eeb9a730934d8f522434c7f9a42',17,0,0,0,'2013','2014-08-23 01:13:03',NULL),(2037,'/var/www/player/store/8bbec704d6c5636f231a5c227a1c3ce6.mp3','Hot Right Now',198,125,2,'8bbec704d6c5636f231a5c227a1c3ce6',49,0,0,0,'-','2014-08-23 01:13:03',NULL),(2038,'/var/www/player/store/03fc6b2f052cd35c2c15ae2ee80687ec.mp3','No Beef - Vocal Mix',104,151,8,'03fc6b2f052cd35c2c15ae2ee80687ec',10,0,0,0,'2013','2014-08-23 01:13:04','SOEJRGV13669FE77C4'),(2039,'/var/www/player/store/98d134059cf4be1327cf8458400f9c5e.mp3','Don\'t You Worry Child',86,27,0,'98d134059cf4be1327cf8458400f9c5e',10,0,0,0,'2013','2014-08-23 01:13:05',NULL),(2040,'/var/www/player/store/ac01faeb2db4370b3f67c9f63e682f62.mp3','Coliseum',7,10,1,'ac01faeb2db4370b3f67c9f63e682f62',4,0,0,0,'2012','2014-08-23 01:13:06',NULL),(2042,'/var/www/player/store/a2505fdfa42971c04e9a27034b2ad074.mp3','All of Me',197,125,1,'a2505fdfa42971c04e9a27034b2ad074',49,0,0,0,'-','2014-08-23 18:09:36',NULL),(2043,'/var/www/player/store/34ca24640ec18191023c0f0509a58980.mp3','Sense (Jamie Jones & Lee Foss Remix)',209,129,1,'34ca24640ec18191023c0f0509a58980',19,0,0,0,'2011','2014-08-23 21:39:01',NULL),(2046,'/var/www/player/store/58a7ca787594bd9e2fba09cf784c21d6.mp3','Not On Drugs',160,133,1,'58a7ca787594bd9e2fba09cf784c21d6',16,0,0,0,'2014-03','2014-08-24 20:12:11',NULL),(2047,'/var/www/player/store/1c54bb463a941274411b8a1ce3075807.mp3','I Got U (Radio Edit)',212,134,0,'1c54bb463a941274411b8a1ce3075807',50,0,0,0,'2014','2014-08-24 22:45:52',NULL),(2048,'/var/www/player/store/a5514c9a781d48b9a67210ea0c01def7.mp3','You & Me - Flume Remix',111,136,1,'a5514c9a781d48b9a67210ea0c01def7',49,0,0,0,'-','2014-08-24 23:12:59','SOJGCMY13F850B1599'),(2049,'/var/www/player/store/605e64891c29bb1b42b57d051b0db9c9.mp3','All Is Fair In Love And Brostep',146,135,0,'605e64891c29bb1b42b57d051b0db9c9',49,0,0,0,'-','2014-08-24 23:16:30',NULL),(2050,'/var/www/player/store/2b8c8074fa3092502aaa14dd5af23da2.mp3','Ready or Not',215,125,1,'2b8c8074fa3092502aaa14dd5af23da2',49,0,0,0,'-','2014-08-25 02:31:51',NULL),(2051,'/var/www/player/store/fad7de54e897b919b728505c2e1b3ab6.mp3','Selfie',214,0,0,'fad7de54e897b919b728505c2e1b3ab6',0,0,0,0,NULL,'2014-08-25 02:36:59',NULL),(2053,'/var/www/player/store/cf3c4bfc76da73aa3bdd84765b27a9ea.mp3','Ready Or Not (DJ Solovey Remix) (Radio Edit)',216,125,0,'cf3c4bfc76da73aa3bdd84765b27a9ea',49,0,0,0,'-','2014-08-25 04:50:19',NULL),(2056,'/var/www/player/store/0e43740afe43bf112088ef73cb1c4314.mp3','Ready or not',217,138,1,'0e43740afe43bf112088ef73cb1c4314',50,0,0,0,'2006','2014-08-25 04:52:59',NULL),(2057,'/var/www/player/store/128077901ddbfa68babd82fc3ddc190f.mp3','Can We Dance',167,0,0,'128077901ddbfa68babd82fc3ddc190f',0,0,0,0,NULL,'2014-08-25 05:24:40',NULL),(2058,'/var/www/player/store/0a2f823e4425d58673d5c1e8ed821123.mp3','The Storm',124,44,1,'0a2f823e4425d58673d5c1e8ed821123',22,0,0,0,'2005','2014-08-25 05:24:52',NULL),(2059,'/var/www/player/store/0dfaf94d025ac2892485db3cb4640253.mp3','Sprawl II (Mountains Beyond Mountains)',12,18,0,'0dfaf94d025ac2892485db3cb4640253',7,0,5,0,'2010','2014-08-25 05:24:54',NULL),(2060,'/var/www/player/store/0a5a1407f4afbcfd575295e4e9a428ce.mp3','Ooh Aah Just A Little Bit',45,141,0,'0a5a1407f4afbcfd575295e4e9a428ce',10,0,0,0,'2010','2014-08-25 05:25:38',NULL),(2061,'/var/www/player/store/021fc576325faea386797a1eeb19e992.mp3','Sex on the Beach',42,141,0,'021fc576325faea386797a1eeb19e992',10,0,0,0,'2010','2014-08-25 05:26:47',NULL),(2062,'/var/www/player/store/0e6a91f0c2b42ee402c35351f82f5296.mp3','Boneless',98,143,0,'0e6a91f0c2b42ee402c35351f82f5296',0,0,0,0,NULL,'2014-08-25 05:27:34',NULL),(2063,'/var/www/player/store/11ad249ec41cac11b1be25f6f7e3b5f9.mp3','Street Tuff',53,141,0,'11ad249ec41cac11b1be25f6f7e3b5f9',10,0,0,0,'2010','2014-08-25 05:27:59',NULL),(2064,'/var/www/player/store/05af8f247f5c16b492ccc620efd8edf4.mp3','Tsunami (LOOKAS x HLTR$KLTR Remix)',172,125,0,'05af8f247f5c16b492ccc620efd8edf4',43,0,0,0,NULL,'2014-08-25 05:28:05',NULL),(2065,'/var/www/player/store/055edc8c5d1cc7dff6b58dc52b584efb.mp3','The Suburbs (continued)',12,18,0,'055edc8c5d1cc7dff6b58dc52b584efb',7,0,0,0,'2010','2014-08-25 05:28:28',NULL),(2066,'/var/www/player/store/92ad8ea3a7ff2325a4935d41a477a580.mp3','Stakker Humanoid',50,141,0,'92ad8ea3a7ff2325a4935d41a477a580',10,0,0,0,'2010','2014-08-25 14:11:11',NULL),(2067,'/var/www/player/store/18afbb56d405100a6be8f3c9d30c4e33.mp3','Think About The Way',37,141,0,'18afbb56d405100a6be8f3c9d30c4e33',10,0,0,0,'2010','2014-08-25 14:11:11',NULL),(2068,'/var/www/player/store/509f5e2b7a2a6dc99d2f3240b9ee5e00.mp3','Finally',75,141,0,'509f5e2b7a2a6dc99d2f3240b9ee5e00',10,0,0,0,'2010','2014-08-25 14:11:11',NULL),(2069,'/var/www/player/store/8d5f86a3fa7657b1ae91a0919cd6322e.mp3','So Real',27,141,0,'8d5f86a3fa7657b1ae91a0919cd6322e',10,0,0,0,'2010','2014-08-25 14:11:14',NULL),(2070,'/var/www/player/store/571c5cc466a08b03f3fba2ad5b30a1c9.mp3','The Musics Got Me',41,141,0,'571c5cc466a08b03f3fba2ad5b30a1c9',10,0,0,0,'2010','2014-08-25 14:11:16',NULL),(2071,'/var/www/player/store/6dc8150aaba89b9af76e54ae6d5b6c37.mp3','Make My Sun Shine',117,33,0,'6dc8150aaba89b9af76e54ae6d5b6c37',8,0,0,0,NULL,'2014-08-25 14:11:17',NULL),(2072,'/var/www/player/store/43c5b01e990625d5db2420de32b0f119.mp3','She Changes the Weather',117,33,0,'43c5b01e990625d5db2420de32b0f119',8,0,0,0,NULL,'2014-08-25 14:11:19',NULL),(2073,'/var/www/player/store/509740b0aec1713aa53eb5f7a5cdaa57.mp3','Naked In The Rain',30,141,0,'509740b0aec1713aa53eb5f7a5cdaa57',10,0,0,0,'2010','2014-08-25 14:11:21',NULL),(2074,'/var/www/player/store/53a685ea60b143df19499beecdf14538.mp3','Dreams',71,141,0,'53a685ea60b143df19499beecdf14538',10,0,0,0,'2010','2014-08-25 14:11:21',NULL),(2075,'/var/www/player/store/40b344c6df4c2b1b835dfab01fcc6f7d.mp3','Rockafeller Skank',44,141,0,'40b344c6df4c2b1b835dfab01fcc6f7d',10,0,0,0,'2010','2014-08-25 14:11:22',NULL),(2076,'/var/www/player/store/c897315cf6525b347f5325293e7583bb.mp3','Touch Me',16,141,1,'c897315cf6525b347f5325293e7583bb',10,0,0,0,'2010','2014-08-25 14:11:22',NULL),(2077,'/var/www/player/store/5ca0070d1439fed6973c5bb1c6c20d08.mp3','Almost Forgot Myself',124,44,0,'5ca0070d1439fed6973c5bb1c6c20d08',22,0,0,0,'2005','2014-08-25 14:11:24',NULL),(2078,'/var/www/player/store/9a9fc9c1f370d070c8a2b279225dbda9.mp3','Ride On Time',46,141,0,'9a9fc9c1f370d070c8a2b279225dbda9',10,0,0,0,'2010','2014-08-25 14:11:24',NULL),(2079,'/var/www/player/store/5392948881f778cc2fcacbc144199e93.mp3','Coco Jamboo',67,141,0,'5392948881f778cc2fcacbc144199e93',10,0,0,0,'2010','2014-08-25 14:11:28',NULL),(2080,'/var/www/player/store/3885265dae028a307f50978ecd42746b.mp3','Troubleman (Original Mix)',155,86,0,'3885265dae028a307f50978ecd42746b',26,0,0,0,'2013','2014-08-25 14:11:28',NULL),(2081,'/var/www/player/store/594010d76478b00134695d598607225b.mp3','Insanity',35,141,0,'594010d76478b00134695d598607225b',10,0,0,0,'2010','2014-08-25 14:11:30',NULL),(2082,'/var/www/player/store/3b383219bcc8ad924425253e53a817b9.mp3','U Got 2 Let The Music',61,141,0,'3b383219bcc8ad924425253e53a817b9',10,0,0,0,'2010','2014-08-25 14:11:30',NULL),(2083,'/var/www/player/store/69f8f19c8f178813dacc78b8ad71602a.mp3','Soul Trippin',117,33,0,'69f8f19c8f178813dacc78b8ad71602a',8,0,0,0,NULL,'2014-08-25 14:11:31',NULL),(2084,'/var/www/player/store/4295f6d9afede1dfe87001fe2e29a5e2.mp3','Honey',117,33,0,'4295f6d9afede1dfe87001fe2e29a5e2',8,0,0,0,NULL,'2014-08-25 14:11:34',NULL),(2085,'/var/www/player/store/e68fe60949b68f821ffa805abd0dc10a.mp3','Toms Diner',68,141,0,'e68fe60949b68f821ffa805abd0dc10a',10,0,0,0,'2010','2014-08-25 14:11:34',NULL),(2086,'/var/www/player/store/b6ac7e8c07d5d5493445c8fc18da06ef.mp3','Even Better Than The Real Thing Perfecto Mix',51,141,0,'b6ac7e8c07d5d5493445c8fc18da06ef',10,0,0,0,'2010','2014-08-25 14:11:36',NULL),(2087,'/var/www/player/store/ecfa112e61d73becda28a9b8a5742adb.mp3','Dub Be Good To Me',19,141,0,'ecfa112e61d73becda28a9b8a5742adb',10,0,0,0,'2010','2014-08-25 14:11:43',NULL),(2088,'/var/www/player/store/97fc4ee96ba97324c6cb701730a88e21.mp3','Please Dont Go',22,141,0,'97fc4ee96ba97324c6cb701730a88e21',10,0,0,0,'2010','2014-08-25 14:11:43',NULL),(2089,'/var/www/player/store/80b5d1568e3ca05a358dfdf304efb959.mp3','Rhythm Is A Mystery',74,141,1,'80b5d1568e3ca05a358dfdf304efb959',10,0,0,0,'2010','2014-08-25 14:11:44',NULL),(2090,'/var/www/player/store/58e177877b3704fbf0ca698c2c6cba9b.mp3','All Together Now',62,141,0,'58e177877b3704fbf0ca698c2c6cba9b',10,0,0,0,'2010','2014-08-25 14:11:44',NULL),(2091,'/var/www/player/store/5079cb0d3f341fcaba583d7c8c946896.mp3','Two Can Play That Game K Klass Remix',29,141,0,'5079cb0d3f341fcaba583d7c8c946896',10,0,0,0,'2010','2014-08-25 14:11:46',NULL),(2092,'/var/www/player/store/c9717a274d1650887b1d8b7b38d397ac.mp3','Light My Fire',56,141,0,'c9717a274d1650887b1d8b7b38d397ac',10,0,0,0,'2010','2014-08-25 14:11:46',NULL),(2093,'/var/www/player/store/2804eff3db47d49003e9acf26e081e90.mp3','Renegade master',52,141,0,'2804eff3db47d49003e9acf26e081e90',10,0,0,0,'2010','2014-08-25 14:11:46',NULL),(2094,'/var/www/player/store/a1928a77efaf2af015cda894982385e4.mp3','Whats Up',73,141,0,'a1928a77efaf2af015cda894982385e4',10,0,0,0,'2010','2014-08-25 14:11:55',NULL),(2095,'/var/www/player/store/b7d7ae8f771a8722c05c83dda6c81471.mp3','We Used To Wait',12,18,0,'b7d7ae8f771a8722c05c83dda6c81471',7,0,0,0,'2010','2014-08-25 14:11:57',NULL),(2096,'/var/www/player/store/80901fbd6af9db7637dcaabc3ecacbfc.mp3','Dont Stop Movin',21,141,0,'80901fbd6af9db7637dcaabc3ecacbfc',10,0,0,0,'2010','2014-08-25 14:11:57',NULL),(2097,'/var/www/player/store/ecb4d6e8d2576b19bbea6e63a770e2a6.mp3','Modern Man',12,18,0,'ecb4d6e8d2576b19bbea6e63a770e2a6',7,0,0,0,'2010','2014-08-25 14:11:59',NULL),(2098,'/var/www/player/store/da143c8d26041f8542a2d724e22b14da.mp3','I Need Your Loving',23,141,0,'da143c8d26041f8542a2d724e22b14da',10,0,0,0,'2010','2014-08-25 14:11:59',NULL),(2099,'/var/www/player/store/23ea21004ef95352e6051f92cda1891e.mp3','The Love I Lost',26,141,0,'23ea21004ef95352e6051f92cda1891e',10,0,0,0,'2010','2014-08-25 14:12:01',NULL),(2100,'/var/www/player/store/d376441d4cf4f81185dd518bcd0d517b.mp3','Run To You',72,141,0,'d376441d4cf4f81185dd518bcd0d517b',10,0,0,0,'2010','2014-08-25 14:12:01',NULL),(2101,'/var/www/player/store/bc6690dff7306919e2498669678eac3a.mp3','Empty Room',12,18,0,'bc6690dff7306919e2498669678eac3a',7,0,0,0,'2010','2014-08-25 14:12:06',NULL),(2102,'/var/www/player/store/b444b268c0f47b2faa09c2d3c2cffa52.mp3','Its My Life',38,141,0,'b444b268c0f47b2faa09c2d3c2cffa52',10,0,0,0,'2010','2014-08-25 14:12:08',NULL),(2103,'/var/www/player/store/a8c688dbd1cf3ae610204cc88e32a03e.mp3','Killer - Edit',25,150,0,'a8c688dbd1cf3ae610204cc88e32a03e',10,0,0,0,'2010','2014-08-25 14:12:09','SOVBJIP12AB018405C'),(2104,'/var/www/player/store/4d77a4bc80481047daffa967c2a78f7e.mp3','Dont Give Me Your Life',66,141,0,'4d77a4bc80481047daffa967c2a78f7e',10,0,0,0,'2010','2014-08-25 14:12:09',NULL),(2105,'/var/www/player/store/d117e828280917275bb1b280feaafee0.mp3','The Sea',117,33,0,'d117e828280917275bb1b280feaafee0',8,0,0,0,NULL,'2014-08-25 14:12:11',NULL),(2106,'/var/www/player/store/c087a8e9630db78950e524b5fa96d9be.mp3','Rococo',12,18,0,'c087a8e9630db78950e524b5fa96d9be',7,0,0,0,'2010','2014-08-25 14:12:18',NULL),(2107,'/var/www/player/store/7558b51b98ea265cdef62f1294da475a.mp3','Intro',117,33,0,'7558b51b98ea265cdef62f1294da475a',8,0,0,0,NULL,'2014-08-25 14:12:18',NULL),(2108,'/var/www/player/store/e96bb15aa1a09d6f8b853a4657a57c02.mp3','Christmas In L.A. (feat. Dawes)',131,61,0,'e96bb15aa1a09d6f8b853a4657a57c02',28,0,0,0,'2014','2014-08-25 14:12:19',NULL),(2109,'/var/www/player/store/df40879b2db3cb471d6c3e723cd0b943.mp3','Let Me Show You',47,141,0,'df40879b2db3cb471d6c3e723cd0b943',10,0,0,0,'2010','2014-08-25 14:12:22',NULL),(2110,'/var/www/player/store/526790176d603ed4ff4474991e2f8458.mp3','Groove Is In The Heart',65,141,0,'526790176d603ed4ff4474991e2f8458',10,0,0,0,'2010','2014-08-25 14:12:22',NULL),(2111,'/var/www/player/store/51f0f9253420e414310b93fb1351e3c1.mp3','40 Miles',57,141,0,'51f0f9253420e414310b93fb1351e3c1',10,0,0,0,'2010','2014-08-25 14:12:24',NULL),(2112,'/var/www/player/store/ebbbba54be60e7c9970e97ca3466eeab.mp3','Stray',117,33,0,'ebbbba54be60e7c9970e97ca3466eeab',8,0,0,0,NULL,'2014-08-25 14:12:28',NULL),(2113,'/var/www/player/store/c4694a98d29f93701af4d34437062797.mp3','We Used to be Friends',220,125,1,'c4694a98d29f93701af4d34437062797',49,0,0,0,'-','2014-08-25 14:12:28',NULL),(2114,'/var/www/player/store/3e185f9710cf7f6d1a106c9034c7534a.mp3','Wasted Hours',12,18,0,'3e185f9710cf7f6d1a106c9034c7534a',7,0,0,0,'2010','2014-08-25 14:12:30',NULL),(2115,'/var/www/player/store/d686f541f318b1596bb85126ddc3d5c9.mp3','Deep Blue',12,18,0,'d686f541f318b1596bb85126ddc3d5c9',7,0,0,0,'2010','2014-08-25 14:12:32',NULL),(2116,'/var/www/player/store/8116761aba1ac0bb8397da31ea3c4737.mp3','Aint No Love Aint No Use',70,141,0,'8116761aba1ac0bb8397da31ea3c4737',10,0,0,0,'2010','2014-08-25 14:12:34',NULL),(2117,'/var/www/player/store/2f1b23de6e5385f92e0b31015eadddad.mp3','One of These Days',124,44,0,'2f1b23de6e5385f92e0b31015eadddad',22,0,0,0,'2005','2014-08-25 14:12:35',NULL),(2118,'/var/www/player/store/a5d79a2cf6a41dc65a25c3c575d8bde2.mp3','The Real Thing',64,141,0,'a5d79a2cf6a41dc65a25c3c575d8bde2',10,0,0,0,'2010','2014-08-25 14:12:35',NULL),(2119,'/var/www/player/store/c55bab6a9729ed52414fbc046a2a7cf9.mp3','Sometimes',218,139,0,'c55bab6a9729ed52414fbc046a2a7cf9',52,0,0,0,NULL,'2014-08-25 14:12:37',NULL),(2120,'/var/www/player/store/9b59d3e5f994ad40514439ca48e00a89.mp3','Flight',98,144,0,'9b59d3e5f994ad40514439ca48e00a89',0,0,0,0,NULL,'2014-08-25 14:12:39',NULL),(2121,'/var/www/player/store/8be643c5bedaaf8d477838f3f41e58f7.mp3','Sky Starts Falling',124,44,0,'8be643c5bedaaf8d477838f3f41e58f7',22,0,0,0,'2005','2014-08-25 14:12:40',NULL),(2122,'/var/www/player/store/249842615eb470bae6719fea196d4de7.mp3','Infinity',32,141,0,'249842615eb470bae6719fea196d4de7',10,0,0,0,'2010','2014-08-25 14:12:40',NULL),(2123,'/var/www/player/store/94a7d8e3bd73c5b521dbea65d34173fe.mp3','Baby Girl I\'m A Blur',134,62,0,'94a7d8e3bd73c5b521dbea65d34173fe',5,0,0,0,'2007','2014-08-25 14:12:40',NULL),(2124,'/var/www/player/store/4c56fd33c6d60645bd4c4d056409d882.mp3','City With No Children',12,18,0,'4c56fd33c6d60645bd4c4d056409d882',7,0,0,0,'2010','2014-08-25 14:12:46',NULL),(2125,'/var/www/player/store/d1260dcf54f2a2c345588ceb9e1a922e.mp3','Colour Your Ways',117,33,0,'d1260dcf54f2a2c345588ceb9e1a922e',8,0,0,0,NULL,'2014-08-25 14:12:46',NULL),(2126,'/var/www/player/store/e5f4e42a38c4967271ef8f3b4c0d9e10.mp3','Open Your Mind',20,141,0,'e5f4e42a38c4967271ef8f3b4c0d9e10',10,0,0,0,'2010','2014-08-25 14:12:48',NULL),(2127,'/var/www/player/store/12f9b6b170d15cddf14b693bae18aec1.mp3','Calling (Lose My Mind) (Radio Edit)',171,0,0,'12f9b6b170d15cddf14b693bae18aec1',10,0,0,0,'2012','2014-08-25 14:12:50',NULL),(2128,'/var/www/player/store/d3da488b1ad7b4e9c1933c19f39802a9.mp3','Gypsy Woman',28,141,0,'d3da488b1ad7b4e9c1933c19f39802a9',10,0,0,0,'2010','2014-08-25 14:12:54',NULL),(2129,'/var/www/player/store/2f762b117c7082b9ab812136e2262595.mp3','Move your Body',36,141,1,'2f762b117c7082b9ab812136e2262595',10,0,0,0,'2010','2014-08-25 14:12:54',NULL),(2130,'/var/www/player/store/9bac700cbbd645f1689688db033f1f21.mp3','Ready To Start',12,18,0,'9bac700cbbd645f1689688db033f1f21',7,0,0,0,'2010','2014-08-25 14:12:56',NULL),(2131,'/var/www/player/store/dc57eebc1be9169c2f46ba88576b20fe.mp3','Up And Down',43,141,0,'dc57eebc1be9169c2f46ba88576b20fe',10,0,0,0,'2010','2014-08-25 14:12:56',NULL),(2132,'/var/www/player/store/f5abc099a1b2072bf06823d6ecef3a32.mp3','At The Tower',124,44,0,'f5abc099a1b2072bf06823d6ecef3a32',22,0,0,0,'2005','2014-08-25 14:12:57',NULL),(2133,'/var/www/player/store/c7a68358ae020795678927c858c2272b.mp3','King City',117,33,0,'c7a68358ae020795678927c858c2272b',8,0,0,0,NULL,'2014-08-25 14:12:57',NULL),(2134,'/var/www/player/store/9e1cfff59735a689b3dd7e9c179b7f88.mp3','Arms of Loren Steinway Mix',40,141,0,'9e1cfff59735a689b3dd7e9c179b7f88',10,0,0,0,'2010','2014-08-25 14:12:59',NULL),(2135,'/var/www/player/store/8ecaf17fb542f105868d4b0938e778e6.mp3','Month Of May',12,18,0,'8ecaf17fb542f105868d4b0938e778e6',7,0,0,0,'2010','2014-08-25 14:13:03',NULL),(2136,'/var/www/player/store/c4a1fd281d74f7afc822938408babc37.mp3','I Know Love Decade Mix',49,141,0,'c4a1fd281d74f7afc822938408babc37',10,0,0,0,'2010','2014-08-25 14:13:06',NULL),(2137,'/var/www/player/store/e10b491f8a53be79a6d59ebd3abdb712.mp3','Drink To Get Drunk',156,87,0,'e10b491f8a53be79a6d59ebd3abdb712',40,0,0,0,'2011','2014-08-25 14:13:07',NULL),(2138,'/var/www/player/store/9543c3174d702f9180aa52d3b80bfa15.mp3','A Great Big Sled',131,60,0,'9543c3174d702f9180aa52d3b80bfa15',27,0,0,0,'2006','2014-08-25 14:13:15',NULL),(2139,'/var/www/player/store/309a620da6eae8f65d0dde54ad226fa1.mp3','I Wanna Give You Devotion',18,141,0,'309a620da6eae8f65d0dde54ad226fa1',10,0,0,0,'2010','2014-08-25 14:13:19',NULL),(2140,'/var/www/player/store/8b8add985ab819a1d5697c5504748659.mp3','Some Cities',124,44,0,'8b8add985ab819a1d5697c5504748659',22,0,0,0,'2005','2014-08-25 14:13:19',NULL),(2141,'/var/www/player/store/c2471a1e11ba4e416b3c8ef27f521406.mp3','Snappiness',54,141,0,'c2471a1e11ba4e416b3c8ef27f521406',10,0,0,0,'2010','2014-08-25 14:13:20',NULL),(2142,'/var/www/player/store/21117b692a8cfa97d6cf2e204cb84c47.mp3','Saturday Night - Moreno La Quatra Remix',222,142,0,'21117b692a8cfa97d6cf2e204cb84c47',49,0,0,0,'-','2014-08-25 14:13:21',NULL),(2143,'/var/www/player/store/9b7eaaccaeeade51c7f4c2f4dfd8e93f.mp3','U Sure Do',59,141,0,'9b7eaaccaeeade51c7f4c2f4dfd8e93f',10,0,0,0,'2010','2014-08-25 14:13:21',NULL),(2144,'/var/www/player/store/58c39184b53c42b315f6bcd14e0052e5.mp3','Ambition',124,44,0,'58c39184b53c42b315f6bcd14e0052e5',22,0,0,0,'2005','2014-08-25 14:13:23',NULL),(2145,'/var/www/player/store/b22ed8ff2c5b1b0c88203d3339e684df.mp3','Ride Like The Wind',24,141,0,'b22ed8ff2c5b1b0c88203d3339e684df',10,0,0,0,'2010','2014-08-25 14:13:23',NULL),(2146,'/var/www/player/store/23227385201509c3fa68a8d5e5f6ae3f.mp3','Shadows of Salford',124,44,0,'23227385201509c3fa68a8d5e5f6ae3f',22,0,0,0,'2005','2014-08-25 14:13:32',NULL),(2147,'/var/www/player/store/2540d3008825fa9f29f87dea897f08b3.mp3','Half Light I',12,18,0,'2540d3008825fa9f29f87dea897f08b3',7,0,0,0,'2010','2014-08-25 14:13:34',NULL),(2148,'/var/www/player/store/f0d8f40365318334e461c53418df60ea.mp3','Youre Not Alone',48,141,1,'f0d8f40365318334e461c53418df60ea',10,0,0,0,'2010','2014-08-25 14:13:34',NULL),(2149,'/var/www/player/store/7da44cae143d0c34d03e925c72ae84c1.mp3','The Suburbs',12,18,0,'7da44cae143d0c34d03e925c72ae84c1',7,0,0,0,'2010','2014-08-25 14:13:37',NULL),(2150,'/var/www/player/store/ccba5eb18f482c42e84ed74401e8888d.mp3','Paradise (Original Mix)',219,125,0,'ccba5eb18f482c42e84ed74401e8888d',49,0,0,0,'2013','2014-08-25 14:13:38',NULL),(2151,'/var/www/player/store/dcde508c6527a8ccc6b07486d7bb917e.mp3','Pump Up The Jam',33,141,1,'dcde508c6527a8ccc6b07486d7bb917e',10,0,0,0,'2010','2014-08-25 14:13:39',NULL),(2152,'/var/www/player/store/e0982d9e68fd0c3d424bfcad7d8c5a99.mp3','Reflektor',12,16,0,'e0982d9e68fd0c3d424bfcad7d8c5a99',0,0,0,0,'2013','2014-08-25 14:13:41',NULL),(2153,'/var/www/player/store/ca04f94f0acf5f75e4a4b56138914729.mp3','Kyoto (feat. Sirah)',146,72,0,'ca04f94f0acf5f75e4a4b56138914729',35,0,0,0,NULL,'2014-08-25 14:13:41',NULL),(2154,'/var/www/player/store/48fc9c569ff5d5aac86ef56b8ddcf8ea.mp3','Someday Soon',124,44,0,'48fc9c569ff5d5aac86ef56b8ddcf8ea',22,0,0,0,'2005','2014-08-25 14:13:42',NULL),(2155,'/var/www/player/store/f997a78a61b508d93005a304e68fe901.mp3','Rockin for myself',58,141,0,'f997a78a61b508d93005a304e68fe901',10,0,0,0,'2010','2014-08-25 14:13:42',NULL),(2156,'/var/www/player/store/45a8abb07a98b2744c52ab30024d02f8.mp3','Sprawl (Flatland)',12,18,0,'45a8abb07a98b2744c52ab30024d02f8',7,0,0,0,'2010','2014-08-25 14:13:45',NULL),(2157,'/var/www/player/store/1597270286f41a079f35f86167d42659.mp3','Suburban War',12,18,0,'1597270286f41a079f35f86167d42659',7,0,0,0,'2010','2014-08-25 14:13:47',NULL),(2158,'/var/www/player/store/8a66027873d76795ea37fb3e8c90e807.mp3','Lonely Boy',143,69,0,'8a66027873d76795ea37fb3e8c90e807',2,0,0,0,'2011','2014-08-25 14:13:51',NULL),(2159,'/var/www/player/store/45fbada19ff38e0334f52643334d7916.mp3','Scatman',39,141,0,'45fbada19ff38e0334f52643334d7916',10,0,0,0,'2010','2014-08-25 14:13:53',NULL),(2160,'/var/www/player/store/41f979c4ac86416bdc7e4614c401d319.mp3','Rewind',55,141,0,'41f979c4ac86416bdc7e4614c401d319',10,0,0,0,'2010','2014-08-25 14:13:58',NULL),(2161,'/var/www/player/store/a1a883fe637ab94a39e74b274b6f38d5.mp3','Baker Street',60,141,0,'a1a883fe637ab94a39e74b274b6f38d5',10,0,0,0,'2010','2014-08-25 14:13:58',NULL),(2162,'/var/www/player/store/2b28018fe5b5a5da4df8396da561caa9.mp3','Ebeneezer Goode',63,141,0,'2b28018fe5b5a5da4df8396da561caa9',10,0,0,0,'2010','2014-08-25 14:13:58',NULL),(2163,'/var/www/player/store/5ad2846198ce0f52a91c094427b354ed.mp3','Paradise',160,125,0,'5ad2846198ce0f52a91c094427b354ed',49,0,0,0,'-','2014-08-25 14:14:01',NULL),(2164,'/var/www/player/store/a9fda5b5d57e3536a61c28b851fd70c8.mp3','Jovanotto',159,91,0,'a9fda5b5d57e3536a61c28b851fd70c8',6,0,0,0,NULL,'2014-08-25 14:14:03',NULL),(2165,'/var/www/player/store/90dbef8408790c188e6665454e431367.mp3','Walk in Fire',124,44,0,'90dbef8408790c188e6665454e431367',22,0,0,0,'2005','2014-08-25 14:14:03',NULL),(2166,'/var/www/player/store/ed606386ee6dd66ac1dfa547a372bddc.mp3','Last Night',167,0,0,'ed606386ee6dd66ac1dfa547a372bddc',0,0,0,0,NULL,'2014-08-25 14:14:07',NULL),(2167,'/var/www/player/store/d7662cdad256f9c2ec92f7d2c204e6bf.mp3','Francisco',117,33,0,'d7662cdad256f9c2ec92f7d2c204e6bf',8,0,0,0,NULL,'2014-08-25 14:14:08',NULL),(2168,'/var/www/player/store/bfd0d110ab08ec0f34fcd506203d9198.mp3','Red Lips I Know',117,33,0,'bfd0d110ab08ec0f34fcd506203d9198',8,0,0,0,NULL,'2014-08-25 14:14:08',NULL),(2169,'/var/www/player/store/2c8604e4851b48e8221f244719810558.mp3','Riptide',163,0,0,'2c8604e4851b48e8221f244719810558',0,0,0,0,NULL,'2014-08-25 14:14:08',NULL),(2170,'/var/www/player/store/74b1dbd6cdf92eca7f5a24cb20212ae7.mp3','Snowden',124,44,0,'74b1dbd6cdf92eca7f5a24cb20212ae7',22,0,0,0,'2005','2014-08-25 14:14:10',NULL),(2171,'/var/www/player/store/7b812af663f88951079207de7d92a2f8.mp3','Get ready For This - YAR RAP EDIT',69,147,2,'7b812af663f88951079207de7d92a2f8',10,0,0,0,'2010','2014-08-25 14:14:12','SOOOYIK131343929CE'),(2172,'/var/www/player/store/8847efb4a490156da37575e2d6c10a61.mp3','Save The World (Extended Mix)',145,125,0,'8847efb4a490156da37575e2d6c10a61',34,0,0,0,'2011','2014-08-25 14:14:13',NULL),(2173,'/var/www/player/store/d18c4834c6877585dc9dac78307ac974.mp3','Such A Good Feeling',34,141,0,'d18c4834c6877585dc9dac78307ac974',10,0,0,0,'2010','2014-08-25 14:14:14',NULL),(2174,'/var/www/player/store/b067ef93a951c07c2211ad44aad37b46.mp3','Gonna Make You Sweat',17,141,0,'b067ef93a951c07c2211ad44aad37b46',10,0,0,0,'2010','2014-08-25 14:14:14',NULL),(2175,'/var/www/player/store/bc5caffa8294e279d6a31f5bf6a47dc5.mp3','Half Light II (No Celebration)',12,18,0,'bc5caffa8294e279d6a31f5bf6a47dc5',7,0,0,0,'2010','2014-08-25 14:14:20',NULL),(2176,'/var/www/player/store/a98f5f5d2a7cca82c0d525d9ebae0937.mp3','Black and White Town',124,44,0,'a98f5f5d2a7cca82c0d525d9ebae0937',22,0,0,0,'2005','2014-08-25 14:14:21',NULL),(2177,'/var/www/player/store/39a2d92c7d82b4448913ee3c6a20d8b8.mp3','Set You Free',31,141,0,'39a2d92c7d82b4448913ee3c6a20d8b8',10,0,0,0,'2010','2014-08-25 14:14:21',NULL),(2178,'/var/www/player/store/fd9fb057b0110d89376e993d6f207b97.mp3','Strangers featuring Tove Lo',221,0,0,'fd9fb057b0110d89376e993d6f207b97',49,0,0,0,'-','2014-08-25 14:14:21',NULL),(2179,'/var/www/player/store/b50e418a8189c55687b3577a89aeecf6.mp3','Something About Us',123,140,0,'b50e418a8189c55687b3577a89aeecf6',6,0,0,0,'2001','2014-08-25 14:14:21',NULL),(2180,'/var/www/player/store/71d3a99d31cfc484e4b8a6674c34cb99.mp3','Eleven Miles Out',124,44,0,'71d3a99d31cfc484e4b8a6674c34cb99',22,0,0,0,'2005','2014-08-25 14:14:22',NULL),(2181,'/var/www/player/store/6f2917fe3c5a758d39905b8547e1fdfa.mp3','Fail In Love',226,153,1,'6f2917fe3c5a758d39905b8547e1fdfa',16,0,0,0,'2013','2014-08-25 20:10:34',NULL),(2182,'/var/www/player/store/a76f3c72903ae4e4e950e7dad61886fa.mp3','In My Mind (Axwell Mix)',228,154,0,'a76f3c72903ae4e4e950e7dad61886fa',0,0,0,0,'2012','2014-08-25 20:14:52','SOCMACQ14509A1C896'),(2184,'/var/www/player/store/86f33ccd5544bccc7d7f276314260a21.mp3','Boadicea (Remastered 2009)',135,157,1,'86f33ccd5544bccc7d7f276314260a21',0,0,0,0,NULL,'2014-08-25 20:41:12','SOBBHQX12A6D4F781B'),(2185,'/var/www/player/store/179aefb09f06709922df61d81b9571ca.mp3','Sail Away (Dubstep)',234,165,1,'179aefb09f06709922df61d81b9571ca',0,0,0,0,'2011','2014-08-25 20:41:31','SOUBNRR13167711973'),(2186,'/var/www/player/store/992ed860d45258b0890e5ee65289d105.mp3','Boadicea (Remix)',135,125,1,'992ed860d45258b0890e5ee65289d105',6,0,0,0,NULL,'2014-08-25 20:41:36',NULL),(2187,'/var/www/player/store/b3fd05ea600108e7ce70f49dd8694c37.mp3','Boadicea (The Celts Remix)',135,159,0,'b3fd05ea600108e7ce70f49dd8694c37',53,0,0,0,'2002','2014-08-25 20:41:41',NULL),(2189,'/var/www/player/store/968c300ad59a985a3b1f8e3ea27e527a.mp3','Boadicea (Cj MarKer rmx)',135,160,0,'968c300ad59a985a3b1f8e3ea27e527a',0,0,0,0,NULL,'2014-08-25 20:41:50',NULL),(2193,'/var/www/player/store/092c186d69add04f2f69dd6f697d28ad.mp3','Boadicea',135,163,0,'092c186d69add04f2f69dd6f697d28ad',23,0,0,0,'1992','2014-08-25 20:42:12',NULL),(2194,'/var/www/player/store/02ab7f6f7634db7793598e4491385ba8.mp3','Master Blaster Boadicea (Foremost Reprint)',233,164,0,'02ab7f6f7634db7793598e4491385ba8',54,0,0,0,'2007','2014-08-25 20:42:19',NULL),(2196,'/var/www/player/store/06f2281240faee108e0b5954aaaeddfb.mp3',NULL,0,0,1,'06f2281240faee108e0b5954aaaeddfb',0,0,0,0,NULL,'2014-08-25 20:42:28',NULL),(2197,'/var/www/player/store/4491daa10f2e20728dd795c517c8257d.mp3','Boadicea',135,163,0,'4491daa10f2e20728dd795c517c8257d',23,0,0,0,'1992','2014-08-25 20:42:40',NULL);
/*!40000 ALTER TABLE `music` ENABLE KEYS */;
UNLOCK TABLES;

--
-- Table structure for table `playlists`
--

DROP TABLE IF EXISTS `playlists`;
/*!40101 SET @saved_cs_client     = @@character_set_client */;
/*!40101 SET character_set_client = utf8 */;
CREATE TABLE `playlists` (
  `Name` char(255) NOT NULL,
  `Items` text,
  PRIMARY KEY (`Name`),
  UNIQUE KEY `Name` (`Name`)
) ENGINE=InnoDB DEFAULT CHARSET=latin1;
/*!40101 SET character_set_client = @saved_cs_client */;

--
-- Dumping data for table `playlists`
--

LOCK TABLES `playlists` WRITE;
/*!40000 ALTER TABLE `playlists` DISABLE KEYS */;
INSERT INTO `playlists` VALUES ('home','[1694,2015,1608,1873,1757,1625,2050,1588,2163,2046,1896,1861,2049,1725,1801]'),('new','[1873]');
/*!40000 ALTER TABLE `playlists` ENABLE KEYS */;
UNLOCK TABLES;

--
-- Table structure for table `users`
--

DROP TABLE IF EXISTS `users`;
/*!40101 SET @saved_cs_client     = @@character_set_client */;
/*!40101 SET character_set_client = utf8 */;
CREATE TABLE `users` (
  `UserID` int(11) NOT NULL AUTO_INCREMENT,
  `UserName` varchar(20) NOT NULL,
  `Password` varchar(64) NOT NULL,
  `EmailAddress` varchar(100) NOT NULL,
  `Status` int(1) NOT NULL DEFAULT '0',
  `SignupDate` datetime NOT NULL,
  PRIMARY KEY (`UserID`),
  UNIQUE KEY `UserName` (`UserName`),
  UNIQUE KEY `EmailAddress` (`EmailAddress`)
) ENGINE=InnoDB AUTO_INCREMENT=2 DEFAULT CHARSET=latin1;
/*!40101 SET character_set_client = @saved_cs_client */;

--
-- Dumping data for table `users`
--

LOCK TABLES `users` WRITE;
/*!40000 ALTER TABLE `users` DISABLE KEYS */;
INSERT INTO `users` VALUES (1,'tonysala','6bf6949c42bbaff481a6135fa248614d77027df018131f006ec49706f24ce2ba','tonysala@live.co.uk',0,'2014-08-26 22:59:38');
/*!40000 ALTER TABLE `users` ENABLE KEYS */;
UNLOCK TABLES;
/*!40103 SET TIME_ZONE=@OLD_TIME_ZONE */;

/*!40101 SET SQL_MODE=@OLD_SQL_MODE */;
/*!40014 SET FOREIGN_KEY_CHECKS=@OLD_FOREIGN_KEY_CHECKS */;
/*!40014 SET UNIQUE_CHECKS=@OLD_UNIQUE_CHECKS */;
/*!40101 SET CHARACTER_SET_CLIENT=@OLD_CHARACTER_SET_CLIENT */;
/*!40101 SET CHARACTER_SET_RESULTS=@OLD_CHARACTER_SET_RESULTS */;
/*!40101 SET COLLATION_CONNECTION=@OLD_COLLATION_CONNECTION */;
/*!40111 SET SQL_NOTES=@OLD_SQL_NOTES */;

-- Dump completed on 2014-08-27  0:30:06
